ID_cliente,Nombre_cliente,Edad,Género,Estado_civil,Ingreso_anual,Número_hijos,País,Fecha_registro,Frecuencia_compra,Calificación_satisfacción,Producto_frecuente,Email,Descuento_promedio,Activo,Código_postal,Comentarios_cliente,Días_desde_última_compra,Rango_crediticio,Comprará_de_nuevo
C1000,Jorge Escobar,56.0,Otro,Soltero,113145.0,3.0,México,2022-12-10,7.5,4.7,Hogar,william99@martin-allen.org,39.0,,10223,Eat care even treatment also whether camera.,428.0,Bajo,1
C1001,Holly Barr,69.0,M,Soltero,156430.0,0.0,Colombia,2022-02-25,12.1,0.2,Electrónica,robertsaustin@hotmail.com,49.0,,41752,Require alone back close may worker of goal.,1292.0,Medio,1
C1002,Brian Robinson,46.0,M,Soltero,104914.0,,Chile,2021-09-04,18.1,9.4,Belleza,lanesusan@yahoo.com,9.0,1.0,38085,Source difficult think girl group.,1732.0,Alto,1
C1003,Mr. John Horn,32.0,nan,nan,112870.0,0.0,Argentina,2021-01-18,11.5,1.9,Hogar,mmartinez@hester.com,24.0,0.0,72994,Lead rock grow money story case.,1560.0,Bajo,1
C1004,Tiffany Thomas,60.0,Otro,Divorciado,126243.0,3.0,Argentina,2020-12-03,8.0,8.0,Ropa,ysilva@yahoo.com,99.0,0.0,79120,Receive number pass people gun.,147.0,Premium,1
C1005,Shirley Herrera,25.0,M,nan,24596.0,,México,2024-10-30,3.6,8.1,Deportes,thomassims@yahoo.com,48.0,1.0,07398,Face because next.,1141.0,Medio,0
C1006,Hannah Allen,78.0,nan,Divorciado,174644.0,,Colombia,2022-02-10,17.4,1.8,Ropa,marywall@morris.com,7.0,0.0,01917,Happy go agreement whole walk.,849.0,Medio,0
C1007,Steven Davis,38.0,Otro,nan,142351.0,4.0,Argentina,2022-07-03,12.9,4.0,Deportes,kirkjudy@rivera-johnson.biz,10.0,1.0,04489,Treat year painting win.,366.0,Premium,1
C1008,Ellen Miller,56.0,nan,nan,121496.0,4.0,Colombia,2024-08-20,7.8,9.8,Hogar,barreraadam@yahoo.com,4.0,0.0,07194,Maintain nothing claim feel coach any even.,849.0,Bajo,0
C1009,Curtis Phillips,75.0,F,Viudo,140273.0,1.0,Colombia,2023-03-14,9.2,2.0,Electrónica,mgreen@williams-oneill.biz,44.0,1.0,79343,Figure research win accept offer professor subject.,1089.0,Alto,1
C1010,Michael Andrews,36.0,M,nan,148155.0,2.0,México,2021-03-25,0.4,9.0,Ropa,townsendkaylee@yahoo.com,,0.0,69951,Look since alone reduce street thus.,812.0,Bajo,1
C1011,Danielle Rivera,40.0,F,Casado,130674.0,4.0,Argentina,2020-09-11,11.5,3.0,Ropa,edwardmartinez@ramirez-mccarty.com,36.0,1.0,19367,Yes among bar fire standard.,1393.0,Premium,1
C1012,Leah Stone,28.0,Otro,Viudo,130307.0,0.0,México,2021-04-19,13.9,7.2,Ropa,pespinoza@jackson.com,44.0,0.0,54095,Hotel serve picture hard stay thousand.,174.0,Medio,0
C1013,Jesse Morris,28.0,F,nan,158843.0,4.0,México,2024-10-06,4.3,2.4,Deportes,fjohnson@hotmail.com,37.0,,34234,Nice board hot expect.,587.0,Alto,0
C1014,Jeanette Jackson,41.0,F,Soltero,171047.0,1.0,Argentina,2021-02-19,10.4,9.0,Hogar,davidsonelizabeth@hotmail.com,28.0,0.0,95888,Story computer every course eight police old.,494.0,Medio,1
C1015,Russell Hall,70.0,Otro,Casado,186720.0,,Argentina,2021-08-07,9.2,0.5,Ropa,chenson@stevens.biz,4.0,1.0,73514,Day level already than.,972.0,Premium,0
C1016,William Hamilton,53.0,nan,Casado,189357.0,1.0,Chile,2021-10-17,16.9,4.0,Ropa,connie38@hotmail.com,8.0,,38483,Race politics decade.,1137.0,Bajo,0
C1017,Stephanie Leon,57.0,F,Casado,29063.0,,Chile,2024-08-22,14.0,10.0,Electrónica,gswanson@watkins.com,47.0,0.0,10665,Conference others include.,1134.0,Alto,1
C1018,Heather Green,41.0,nan,Viudo,77642.0,,Colombia,2023-10-30,5.1,3.5,Electrónica,nicholaslin@cruz.com,1.0,,80027,Though science hot series once during.,1784.0,Medio,0
C1019,Dr. Alicia Shelton,20.0,F,nan,100093.0,2.0,Argentina,2020-11-01,1.1,1.6,Hogar,russelltamara@yahoo.com,0.0,0.0,87837,Ahead fish deep yet really.,1462.0,Medio,0
C1020,Joseph Jones,39.0,nan,nan,178671.0,4.0,Chile,2024-11-21,6.8,1.5,Hogar,elizabeth38@yahoo.com,39.0,,23446,Life beyond voice fear shake way.,1738.0,Medio,1
C1021,Justin Henry,70.0,Otro,Soltero,192992.0,0.0,Colombia,2023-09-05,0.5,1.5,Belleza,nicholelee@hotmail.com,50.0,1.0,07143,Whatever participant in they could affect rise write.,1170.0,Bajo,1
C1022,Donna Miller,19.0,F,Soltero,169601.0,0.0,Colombia,2021-06-12,8.8,5.5,Electrónica,brendangarcia@hotmail.com,29.0,0.0,67699,Time way affect act fire sit.,34.0,Alto,0
C1023,Bryan Gill,41.0,Otro,Casado,45954.0,3.0,Colombia,2021-01-08,17.8,3.2,Belleza,jenningssusan@garcia.org,10.0,0.0,60208,Mr democratic recently necessary oil.,998.0,Bajo,1
C1024,Ronald Andrews,61.0,F,Soltero,37856.0,,Chile,2022-04-28,19.4,0.7,Deportes,kellerdonna@cowan-hudson.net,27.0,1.0,17316,Drive blue at rate our participant.,1332.0,Bajo,0
C1025,Glenn Brown,47.0,Otro,Viudo,12573.0,0.0,Argentina,2020-10-12,6.4,8.5,Belleza,ymitchell@hotmail.com,43.0,,88891,Property notice success interview change.,537.0,Bajo,1
C1026,Taylor Adams,55.0,Otro,nan,45367.0,2.0,México,2025-04-02,19.3,6.8,Ropa,joneshenry@gmail.com,11.0,1.0,37098,Every plan front car.,749.0,Premium,1
C1027,Michael Williams,19.0,F,Casado,109608.0,,Colombia,2024-06-12,12.1,6.1,Belleza,tiffany55@gmail.com,38.0,1.0,39212,From collection upon else board certainly.,1037.0,Premium,1
C1028,Brett Gordon,,F,Soltero,70774.0,2.0,Chile,2020-11-28,5.9,2.4,Hogar,rcobb@riley.com,25.0,,34491,Drop wonder either really picture.,373.0,Premium,1
C1029,Matthew Cox,77.0,F,Viudo,33752.0,0.0,Chile,2023-07-12,16.1,5.5,Deportes,amanda80@bullock.biz,12.0,1.0,42122,State recognize kid by season social model.,556.0,Alto,0
C1030,Nathaniel Miller,38.0,M,Viudo,65029.0,0.0,México,2024-10-14,10.7,8.0,Ropa,brianbrown@holt-walsh.biz,7.0,0.0,86787,Five special bed dog.,1451.0,Bajo,1
C1031,Jessica Wilson,50.0,nan,Soltero,158757.0,3.0,México,2022-10-27,12.9,5.0,Belleza,castillotimothy@alvarez.biz,27.0,0.0,68545,Decade his vote major fight machine.,1751.0,Bajo,1
C1032,Stephanie Anderson,29.0,M,nan,140282.0,0.0,Chile,2024-03-17,12.0,8.2,Deportes,dakotasmith@hicks.com,29.0,0.0,16760,Add financial picture daughter charge.,232.0,Premium,1
C1033,Phillip Rodriguez,75.0,M,Soltero,61693.0,,Argentina,2024-09-16,19.6,9.5,Deportes,justinking@gmail.com,8.0,1.0,72946,Course tough wonder program cup share impact drive.,704.0,Bajo,0
C1034,Taylor Stewart PhD,39.0,Otro,Casado,126739.0,,México,2022-02-25,8.7,5.1,Ropa,sara42@gmail.com,38.0,0.0,45554,Few trade summer really join.,562.0,Bajo,0
C1035,Laura Koch,78.0,F,Soltero,65961.0,,Chile,2021-03-12,7.4,2.7,Belleza,joshuayoung@gmail.com,30.0,0.0,58698,True all section continue myself final believe.,938.0,Medio,1
C1036,Tammy Shannon,61.0,nan,Viudo,136678.0,3.0,México,2021-05-28,18.9,4.3,Deportes,holtsarah@yahoo.com,20.0,0.0,68781,Participant quite leader other strong.,886.0,Bajo,1
C1037,David Vega,42.0,Otro,Soltero,84532.0,3.0,Argentina,2024-02-04,16.5,1.4,Deportes,jonathon52@gmail.com,46.0,0.0,64186,Enter suffer assume wide decade we world.,725.0,Medio,1
C1038,Brittany Martin,66.0,M,nan,91994.0,0.0,Colombia,2023-02-20,9.8,6.7,Electrónica,tlutz@hotmail.com,33.0,0.0,63048,Policy point onto.,1686.0,Bajo,1
C1039,Wyatt Campbell,44.0,F,Divorciado,66133.0,1.0,México,2022-10-19,3.6,8.4,Deportes,johnsoncolton@hernandez.org,30.0,0.0,34210,Detail decade because Congress toward.,1463.0,Alto,1
C1040,Valerie Chaney,76.0,Otro,Soltero,71268.0,1.0,Argentina,2024-01-21,3.9,6.9,Electrónica,mistybautista@decker.com,99.0,1.0,13150,Other discover ahead soldier I professional nearly.,1525.0,Premium,1
C1041,Shelly Bell,120.0,F,nan,179315.0,3.0,Chile,2024-01-20,4.3,0.7,Belleza,fbarron@hotmail.com,24.0,0.0,76332,Next fight ok four each back adult.,1298.0,Medio,0
C1042,Melissa Williams,59.0,Otro,nan,198456.0,0.0,México,2023-02-23,9.0,3.6,Belleza,valdezjane@hotmail.com,11.0,0.0,49326,Member product middle wife eight.,75.0,Premium,1
C1043,Thomas Lewis,,F,Viudo,41653.0,1.0,México,2025-04-27,18.2,7.7,Belleza,morrisseth@thompson.com,0.0,,29199,Even economic wear PM share support seek.,438.0,Medio,1
C1044,Travis Hansen,45.0,M,nan,167729.0,0.0,Chile,2021-06-14,4.7,0.6,Hogar,qbailey@peterson.com,21.0,1.0,85821,Politics tell kid subject learn ask.,1755.0,Medio,1
C1045,Katherine Booker,77.0,nan,nan,181024.0,0.0,Colombia,2021-09-28,12.3,5.6,Belleza,davidvazquez@gmail.com,39.0,1.0,98306,Girl less natural arrive.,698.0,Medio,1
C1046,Amber Bernard,33.0,M,nan,163252.0,0.0,Chile,2024-07-20,8.0,0.3,Deportes,bakerreginald@yahoo.com,36.0,1.0,60812,After only everyone care forward.,1312.0,Alto,1
C1047,Larry Grimes,32.0,nan,nan,131829.0,4.0,México,2024-11-29,0.9,9.9,Ropa,brianna90@hotmail.com,46.0,1.0,40332,Care what even push stop plan drive material.,914.0,Bajo,1
C1048,Jose Wright,79.0,F,Casado,138377.0,,Chile,2024-03-04,4.4,2.0,Electrónica,wclark@hamilton.com,0.0,0.0,82290,Herself environment majority for close bill.,1563.0,Medio,0
C1049,Emily Garcia,79.0,Otro,Casado,11622.0,0.0,Argentina,2021-10-24,17.5,1.3,Hogar,dwheeler@hotmail.com,0.0,0.0,80375,Rather billion share yes eat economic amount.,890.0,Alto,0
C1050,Katie Kelly DVM,64.0,M,Viudo,58756.0,4.0,Chile,2021-02-27,15.3,4.5,Belleza,ogarcia@taylor.info,41.0,,89344,Camera newspaper begin late ask personal late real.,691.0,Medio,0
C1051,Michael Davidson,79.0,nan,Soltero,50809.0,3.0,México,2021-02-04,19.6,3.8,Belleza,nrhodes@maxwell.com,41.0,,82331,Act travel past stage mother purpose third.,252.0,Bajo,0
C1052,James Ortiz,68.0,M,nan,26725.0,1.0,Chile,2025-02-10,8.8,2.8,Ropa,xphillips@hotmail.com,20.0,1.0,32036,Special data station movie.,1149.0,Medio,0
C1053,Kristen Bird,61.0,nan,Soltero,61226.0,,Colombia,2023-08-04,7.7,0.0,Ropa,gwright@williams.com,14.0,,28156,Lose their assume everything enter already reason.,1200.0,Alto,0
C1054,George Rose,72.0,M,Soltero,91182.0,1.0,Chile,2024-05-01,1.6,7.6,Hogar,egriffin@banks.com,16.0,,24125,Remember professional cup write reason contain.,1060.0,Bajo,1
C1055,Debra Murphy,69.0,nan,Viudo,39402.0,,Colombia,2022-07-12,17.9,1.3,Electrónica,scole@yahoo.com,21.0,1.0,04976,Become as throw seem cold employee win.,409.0,Alto,1
C1056,Nicole Wagner,,nan,nan,14263.0,1.0,Argentina,2022-04-05,0.7,3.7,Belleza,roberthernandez@lee.com,37.0,1.0,57527,Still phone type ground support.,1634.0,Bajo,1
C1057,Daniel Marks,74.0,F,nan,187900.0,,Colombia,2021-08-13,17.4,8.3,Hogar,hernandezjason@yahoo.com,34.0,,67352,Stuff area field indeed.,1633.0,Bajo,1
C1058,Matthew Bailey,20.0,nan,Divorciado,57924.0,1.0,Chile,2025-04-15,1.7,3.3,Deportes,nstanley@hotmail.com,44.0,0.0,50762,Throughout baby account imagine minute nation operation.,126.0,Premium,1
C1059,Richard Thompson,54.0,F,Soltero,84182.0,1.0,México,2022-05-01,19.8,3.0,Deportes,taylordeanna@mills.com,15.0,,03499,That land begin expect training.,1506.0,Premium,1
C1060,Courtney Cook,68.0,nan,Soltero,152736.0,1.0,Colombia,2024-09-06,0.6,8.8,Hogar,matthew77@wade.com,7.0,,71373,Shoulder able practice perhaps practice necessary.,1191.0,Premium,0
C1061,Isaiah Key,24.0,Otro,Casado,45737.0,1.0,Argentina,2022-11-17,1.0,2.2,Belleza,habbott@cox.com,46.0,0.0,51007,Trial often quality direction.,591.0,Bajo,1
C1062,George Torres,38.0,Otro,Divorciado,111332.0,3.0,Colombia,2024-01-23,5.7,6.3,Hogar,kwong@hotmail.com,16.0,0.0,56822,Behavior laugh necessary leave more.,293.0,Medio,0
C1063,Ashley Thompson,26.0,Otro,Casado,99563.0,0.0,Colombia,2024-06-05,18.0,0.7,Belleza,jessica75@jordan-morgan.com,16.0,1.0,78193,Power space box like quality fund subject.,1661.0,Alto,0
C1064,Ricardo Lopez,56.0,nan,Casado,170445.0,2.0,Colombia,2022-02-06,10.9,1.0,Ropa,pstrong@curry.info,25.0,1.0,97666,Easy left player morning training.,1366.0,Alto,1
C1065,Christine Davidson,35.0,F,Casado,177469.0,4.0,Argentina,2021-06-12,14.8,2.0,Hogar,bassscott@johnson-rivas.net,12.0,,07033,Most travel reflect establish pattern.,1019.0,Alto,1
C1066,Cynthia Cain,21.0,F,Viudo,138575.0,2.0,Chile,2020-10-08,11.5,0.6,Belleza,obrienchristopher@gmail.com,16.0,0.0,48932,Reach about across answer Democrat guy relate.,309.0,Premium,1
C1067,Lisa Klein,42.0,nan,Viudo,111371.0,2.0,Colombia,2022-11-05,3.6,1.6,Hogar,mharrison@hotmail.com,37.0,1.0,39562,Husband quite able laugh.,661.0,Bajo,1
C1068,Casey Benson,77.0,Otro,Casado,48709.0,,Colombia,2023-01-29,2.0,8.2,Hogar,christopher28@bray-spears.com,16.0,,29568,Happy decade hospital.,527.0,Premium,1
C1069,Julie Charles,31.0,Otro,Divorciado,160322.0,0.0,México,2024-11-21,8.6,7.8,Belleza,jonescarlos@kirk.org,47.0,0.0,70136,Pressure decision full five cover citizen.,539.0,Medio,1
C1070,Lindsay Rodgers,67.0,F,Soltero,31172.0,,Argentina,2022-06-09,0.7,2.2,Belleza,ashley21@hall.com,13.0,,80101,Area that attention rock anyone business improve.,418.0,Bajo,1
C1071,Elizabeth Castillo,75.0,Otro,Divorciado,21555.0,0.0,Colombia,2023-06-02,5.7,9.1,Electrónica,helen66@hotmail.com,44.0,1.0,17430,Baby example cup recent find how what young.,443.0,Alto,0
C1072,Mr. Jesse Williams DDS,26.0,M,nan,63276.0,0.0,Argentina,2022-03-17,6.5,8.2,Hogar,lisamyers@gmail.com,5.0,1.0,83638,Forward computer hit quite compare include.,684.0,Premium,1
C1073,Ana Scott,43.0,F,Viudo,67492.0,1.0,Colombia,2024-04-10,16.0,9.4,Deportes,arosario@yahoo.com,34.0,0.0,11443,Land idea relate mission.,1581.0,Premium,1
C1074,Kristina Becker,70.0,Otro,Soltero,194074.0,3.0,Chile,2025-02-05,10.1,2.2,Hogar,kristinbenson@hotmail.com,45.0,,79171,Walk mouth top article assume avoid.,839.0,Medio,0
C1075,Edward Ellis,19.0,F,Soltero,99599.0,1.0,Chile,2022-05-11,4.7,0.4,Hogar,copelandsarah@riley.com,13.0,0.0,66658,Main catch allow everybody.,235.0,Medio,1
C1076,Arthur Gonzales,37.0,M,nan,165834.0,3.0,Colombia,2022-02-14,3.0,5.5,Belleza,eochoa@mason.biz,46.0,1.0,38431,Care break where education result federal partner.,1462.0,Premium,1
C1077,Meredith Baker,45.0,F,nan,21046.0,,Chile,2024-11-28,7.5,5.6,Hogar,suzanne81@gmail.com,7.0,1.0,30628,Feeling choose blue financial fly performance task.,213.0,Medio,0
C1078,Stephen Hernandez,64.0,F,Casado,126021.0,3.0,Colombia,2024-07-06,17.4,9.5,Hogar,terry59@hotmail.com,14.0,,35267,Large time beat language have.,84.0,Alto,1
C1079,Dennis Davidson,77.0,F,Viudo,169841.0,,Chile,2020-07-12,14.1,6.0,Deportes,judy28@yahoo.com,26.0,,46813,Lead training together fill.,793.0,Medio,1
C1080,Kaitlyn Johnson,24.0,F,Viudo,194374.0,2.0,México,2023-04-26,6.8,0.1,Belleza,brittany28@gmail.com,12.0,,22587,Both only significant certainly.,1767.0,Medio,1
C1081,Tyler Brown,61.0,M,Divorciado,164222.0,2.0,México,2020-05-03,14.2,9.3,Hogar,williamsjennifer@yahoo.com,48.0,0.0,11281,Approach recent about heart force office other name.,84.0,Premium,1
C1082,Dustin Kelley,78.0,nan,Casado,14853.0,3.0,México,2022-02-23,15.0,0.4,Ropa,aoconnell@yahoo.com,30.0,,41621,Education choice form could month former.,1512.0,Premium,1
C1083,Sharon Galvan,25.0,F,Casado,130900.0,3.0,Argentina,2024-01-19,2.6,1.2,Electrónica,awilson@ramirez.net,,,08382,Edge music industry type main.,64.0,Bajo,1
C1084,Mark Baker,64.0,F,Casado,162864.0,,Argentina,2025-03-02,14.6,5.2,Deportes,farrellpaul@george.com,34.0,1.0,99433,Kitchen provide war nearly finally position news.,1669.0,Bajo,0
C1085,Victoria Christian,52.0,Otro,Casado,69129.0,1.0,México,2020-11-28,14.7,1.7,Hogar,djimenez@bolton.net,5.0,1.0,56823,Of form around get bit admit see.,662.0,Premium,1
C1086,Connie Hensley,31.0,F,Viudo,124130.0,,Argentina,2021-09-10,6.4,8.8,Ropa,deborah67@hotmail.com,4.0,,01015,Who nothing right democratic expert social.,626.0,Medio,1
C1087,Nicole Beck,34.0,Otro,Viudo,173059.0,1.0,Chile,2020-05-20,2.6,7.6,Hogar,nmontgomery@yahoo.com,21.0,,19713,Maybe realize word final actually bad.,63.0,Medio,0
C1088,Regina Atkinson,53.0,nan,Casado,156922.0,2.0,Colombia,2024-10-02,4.5,1.0,Hogar,mikedodson@yahoo.com,48.0,1.0,78838,Wonder particular her throughout if top thank adult.,1366.0,Bajo,0
C1089,Paige Wells,67.0,M,Divorciado,153184.0,0.0,Colombia,2023-07-29,4.7,2.5,Belleza,tamara60@cross.net,22.0,,32327,Join difficult pressure picture staff pass break.,938.0,Bajo,1
C1090,Jorge Vega,57.0,M,Soltero,131789.0,3.0,Colombia,2022-12-09,14.8,9.7,Belleza,malvarado@young-moreno.com,24.0,0.0,30560,Score spend listen yet today international.,918.0,Bajo,0
C1091,Randy Lewis,21.0,nan,Soltero,165130.0,1.0,México,2020-11-19,18.1,9.5,Belleza,lori61@fleming.net,33.0,0.0,82168,Body trade determine kid beyond do.,1375.0,Alto,1
C1092,Adam Williamson,19.0,M,Divorciado,186492.0,,Argentina,2024-03-28,19.6,6.3,Ropa,catherineramirez@goodman.com,25.0,0.0,48048,Win rather now course two away notice.,1181.0,Alto,1
C1093,Michael Reid,79.0,nan,Casado,48890.0,2.0,Chile,2022-08-14,15.6,2.1,Hogar,michael64@yahoo.com,46.0,,80430,Third before perform stuff why thousand.,1612.0,Bajo,0
C1094,Jimmy Porter,23.0,nan,Viudo,76017.0,1.0,Chile,2024-11-30,7.4,0.1,Electrónica,cjohnson@yahoo.com,4.0,1.0,71688,Raise PM road production.,490.0,Medio,1
C1095,Stephanie Beasley,71.0,nan,Soltero,188376.0,,México,2023-06-30,14.8,8.0,Deportes,karenhernandez@ellis-gonzalez.net,25.0,,83539,Bag whole sister go serious.,1681.0,Bajo,1
C1096,Sandra Moore,59.0,M,nan,173993.0,3.0,Chile,2022-01-27,6.8,8.4,Belleza,qjimenez@hotmail.com,19.0,,00695,Large media situation author within.,1486.0,Alto,0
C1097,Mr. Eric Knight,21.0,Otro,nan,142596.0,3.0,Chile,2025-03-19,16.3,7.6,Belleza,gatesjoe@smith.com,5.0,1.0,79740,Building meeting partner country adult final.,1248.0,Medio,0
C1098,Michael Lewis,71.0,nan,Divorciado,110424.0,4.0,Chile,2021-10-08,12.7,0.2,Hogar,christopher36@montgomery-freeman.org,5.0,1.0,33973,Ahead matter player least free education.,312.0,Alto,0
C1099,Regina Fletcher,46.0,F,Casado,25048.0,0.0,Chile,2024-12-19,0.0,3.0,Hogar,jsandoval@hotmail.com,49.0,1.0,21461,Traditional hour exist administration box week each.,614.0,Medio,0
C1100,Natasha Smith,120.0,M,Soltero,176183.0,4.0,Argentina,2021-01-23,13.6,0.3,Ropa,scottvalencia@hotmail.com,17.0,0.0,66775,After somebody account.,918.0,Alto,1
C1101,Michael Davidson,35.0,nan,Casado,178976.0,2.0,Chile,2022-09-17,1.9,9.9,Ropa,courtneypalmer@gmail.com,3.0,,69853,Quality employee majority activity.,812.0,Medio,0
C1102,David Garcia,43.0,nan,Soltero,64912.0,1.0,Colombia,2021-05-05,2.6,7.6,Belleza,sholt@gmail.com,16.0,1.0,78480,Wear talk executive.,939.0,Medio,0
C1103,Seth Molina,61.0,F,Divorciado,44008.0,2.0,México,2020-05-02,13.0,6.3,Hogar,timothy15@smith.info,13.0,,91444,Lawyer price event beautiful.,1489.0,Medio,0
C1104,Cheyenne Delacruz,51.0,Otro,Divorciado,141132.0,,Argentina,2020-06-20,7.4,9.3,Electrónica,justinrichardson@yahoo.com,13.0,0.0,34634,Per take let TV run summer establish.,1111.0,Medio,0
C1105,Gary English,27.0,Otro,nan,93559.0,3.0,Chile,2023-09-14,1.1,1.2,Deportes,jason31@gmail.com,12.0,0.0,37734,Adult development top cause book your yet.,1326.0,Premium,0
C1106,Haley Young,79.0,Otro,Casado,65337.0,4.0,Argentina,2025-03-20,19.6,7.1,Hogar,zramos@hebert.biz,6.0,1.0,60848,Remain suffer bad however item until.,679.0,Alto,1
C1107,Bobby Hernandez,53.0,nan,nan,120616.0,4.0,Chile,2023-08-06,14.8,2.2,Hogar,johntaylor@yahoo.com,43.0,1.0,76961,Occur sing thing hand national sport.,434.0,Alto,0
C1108,Pamela Wise,31.0,nan,Casado,23350.0,4.0,Colombia,2022-07-27,5.7,5.0,Ropa,mruiz@gmail.com,14.0,,59446,Million say fund wait involve member.,681.0,Premium,1
C1109,Tracy Sanchez,48.0,nan,nan,34354.0,2.0,México,2020-08-27,0.7,5.6,Deportes,frank26@yahoo.com,18.0,1.0,27224,Similar join night politics artist list.,1158.0,Medio,0
C1110,Susan Summers,65.0,M,Viudo,55186.0,3.0,Chile,2020-08-28,19.8,1.5,Belleza,wdavis@gmail.com,42.0,,11933,Attack mind today too.,1073.0,Medio,0
C1111,Mary Myers,32.0,F,Viudo,38145.0,1.0,Chile,2024-09-25,19.4,3.9,Hogar,jean67@newman.net,46.0,1.0,03482,Return shake when strategy national push human.,1455.0,Alto,0
C1112,Dustin White,25.0,nan,Viudo,175092.0,,Chile,2023-08-08,15.6,3.3,Belleza,nicoleramos@gmail.com,43.0,,71967,Medical too ready leg.,339.0,Premium,0
C1113,Nicole Lopez,31.0,F,Viudo,96123.0,1.0,Chile,2023-02-08,1.3,8.7,Hogar,solismichelle@lambert.com,34.0,,46934,Accept have theory trial campaign place service writer.,346.0,Medio,0
C1114,Michael Ramirez,40.0,F,Soltero,30581.0,2.0,México,2021-12-09,1.9,1.0,Belleza,bradleytristan@washington.com,16.0,,37722,Information step answer sit.,645.0,Medio,0
C1115,Tina Phillips,77.0,Otro,Viudo,98929.0,,México,2020-10-13,2.9,6.4,Deportes,rjohnson@hotmail.com,34.0,,03560,Skill always news any boy test.,1370.0,Medio,0
C1116,Elaine Green MD,74.0,M,Divorciado,33051.0,4.0,Colombia,2021-09-29,1.3,8.6,Ropa,stevenfox@yahoo.com,18.0,0.0,87853,Their shoulder speak least all like up only.,648.0,Bajo,0
C1117,Danielle Bailey,79.0,nan,Divorciado,61474.0,0.0,México,2024-01-31,17.6,3.8,Deportes,zstanton@gmail.com,19.0,,57824,Put financial body accept person.,244.0,Premium,1
C1118,Karen Waters,57.0,Otro,Soltero,101748.0,2.0,Chile,2025-04-07,1.7,0.6,Electrónica,wallacetammy@nash-spencer.com,35.0,1.0,77725,Thought miss need summer no.,108.0,Medio,0
C1119,Mark Brooks,38.0,Otro,Viudo,135995.0,2.0,Colombia,2022-04-27,12.5,1.9,Ropa,steven38@young.com,34.0,0.0,18496,Occur least environmental remain check air current will.,1822.0,Bajo,1
C1120,Cynthia Rogers,33.0,nan,Viudo,79626.0,3.0,Colombia,2021-04-17,3.0,0.8,Deportes,mannmichael@collier.com,31.0,0.0,36342,Activity sell employee question tax.,532.0,Premium,0
C1121,Kimberly Anderson,62.0,F,Viudo,16960.0,1.0,Colombia,2025-01-12,9.6,0.3,Electrónica,jamesblair@walsh-bruce.com,47.0,,53094,Fast professional season become half say seek.,1113.0,Medio,1
C1122,Ashley Warner,35.0,Otro,nan,176844.0,2.0,Chile,2024-01-21,17.9,7.6,Hogar,robert95@hotmail.com,43.0,0.0,85987,Different necessary wish when.,295.0,Alto,0
C1123,Cynthia Campbell,64.0,F,Casado,162592.0,2.0,Argentina,2020-09-16,0.1,1.2,Hogar,patrick47@hotmail.com,39.0,,75985,Quite state news pressure between.,111.0,Bajo,0
C1124,Helen Reyes,70.0,M,nan,190553.0,4.0,Chile,2021-06-09,19.3,3.4,Belleza,xdavid@yahoo.com,23.0,1.0,64164,With most house get seek support.,1612.0,Bajo,0
C1125,Stephanie Perez,41.0,F,Casado,46408.0,4.0,México,2020-11-24,19.7,6.9,Ropa,patriciajones@miller-oconnell.biz,16.0,,64581,Maybe project child cup painting view should.,1200.0,Medio,1
C1126,Wesley Morgan,43.0,M,Viudo,104006.0,,México,2021-06-23,6.6,5.9,Hogar,nathanielramirez@smith.com,6.0,0.0,10999,Increase one see college practice so hotel country.,342.0,Medio,1
C1127,William Rollins,42.0,F,Viudo,67134.0,0.0,Chile,2020-09-21,10.6,1.3,Ropa,lauren91@miles-green.com,42.0,1.0,93526,Way national information station rule fight agree.,1683.0,Bajo,1
C1128,Doris Richardson,77.0,Otro,nan,161563.0,3.0,Chile,2020-11-21,0.7,0.0,Hogar,teresa76@davila.info,49.0,,88402,Realize house meeting report early less.,100.0,Alto,1
C1129,Lynn Marks,77.0,Otro,nan,142413.0,0.0,Colombia,2022-02-15,9.3,7.8,Belleza,jesuschan@collins.com,0.0,1.0,85261,Human during idea.,1781.0,Alto,0
C1130,Laura Glenn,77.0,M,Casado,185695.0,,Chile,2024-10-19,17.3,6.0,Deportes,dale09@yahoo.com,34.0,1.0,30146,Perform beautiful dinner care vote begin hotel.,628.0,Premium,0
C1131,Michael Ramirez,62.0,nan,Divorciado,100327.0,4.0,Colombia,2022-09-01,0.6,4.6,Belleza,robertabrooks@hotmail.com,31.0,0.0,63202,Live character issue somebody.,1627.0,Medio,0
C1132,Alan Jones,58.0,M,Casado,141410.0,1.0,México,2023-11-16,16.4,1.8,Electrónica,margaretrobbins@gmail.com,35.0,1.0,70506,Remain minute lay rich exist both too seven.,1424.0,Alto,1
C1133,Steven Miller,46.0,M,nan,153326.0,4.0,Colombia,2024-03-12,9.9,9.2,Hogar,ramseymelissa@yahoo.com,12.0,0.0,54919,Visit west bill which prove.,27.0,Premium,0
C1134,Kristin Lindsey,32.0,F,nan,192932.0,3.0,Chile,2024-11-22,1.5,4.2,Electrónica,brian35@lee.info,5.0,1.0,23219,Mission through operation enough style likely.,936.0,Alto,1
C1135,Brandi Barker,62.0,F,Soltero,21344.0,4.0,México,2023-11-06,19.5,4.0,Electrónica,melissamorales@hotmail.com,13.0,,58604,From probably safe defense thank into avoid.,1560.0,Medio,1
C1136,Joshua Holder,18.0,M,nan,142822.0,3.0,Argentina,2024-01-31,9.6,6.2,Ropa,annachang@hart.com,36.0,1.0,82571,Group still ahead happen economic value meeting.,57.0,Premium,1
C1137,Walter Allen,42.0,Otro,Soltero,195828.0,3.0,Colombia,2024-07-19,6.5,1.5,Hogar,salinaseric@richardson.com,47.0,,14927,Its more cut while your member summer.,1521.0,Premium,1
C1138,Melissa Austin,24.0,F,Divorciado,77957.0,3.0,México,2023-08-28,12.3,6.3,Electrónica,dweber@gmail.com,14.0,,42095,Down over area off of away.,296.0,Premium,1
C1139,Joshua Kim,26.0,nan,Casado,115423.0,,Colombia,2020-11-04,14.8,1.0,Deportes,audrey29@yahoo.com,46.0,1.0,33313,Health fact and stuff claim area say.,133.0,Alto,0
C1140,Cole Wright MD,41.0,F,Casado,68053.0,3.0,México,2021-08-24,11.3,3.9,Electrónica,jacobweaver@davis-johnson.com,3.0,,93433,System popular lose indicate major later.,1354.0,Medio,1
C1141,Jason Bishop,18.0,F,Soltero,156968.0,3.0,México,2024-08-24,10.5,8.2,Deportes,lisasullivan@yahoo.com,39.0,1.0,54120,Live study exactly admit others travel.,248.0,Premium,1
C1142,Corey Garcia,61.0,nan,Casado,196833.0,1.0,Colombia,2022-09-06,3.1,3.1,Ropa,hjohnson@hotmail.com,15.0,1.0,63960,Still time any response cost.,1020.0,Bajo,0
C1143,Michael Perry,25.0,M,nan,87454.0,0.0,Argentina,2021-12-12,14.7,6.4,Electrónica,wandayoung@oconnor.biz,27.0,,55033,Together effort inside too north.,549.0,Medio,1
C1144,Cheryl Schneider,41.0,nan,Viudo,100600.0,2.0,México,2021-02-05,19.4,2.1,Belleza,johnmoore@stevens.com,15.0,,81201,Write attack foot window country.,901.0,Bajo,1
C1145,Mary Pittman,120.0,M,Soltero,132732.0,0.0,México,2022-09-14,0.4,6.8,Ropa,kristen08@gmail.com,3.0,0.0,75362,Current success since several wrong film.,1098.0,Bajo,0
C1146,Sheri Martinez,28.0,M,Casado,169007.0,3.0,México,2024-07-16,14.6,5.5,Deportes,robert63@gordon.net,44.0,,05689,Build option maintain white yourself.,1677.0,Premium,0
C1147,Kelsey Chavez,68.0,M,Soltero,47641.0,1.0,Argentina,2023-07-30,1.7,5.6,Ropa,leejoseph@blake-johnson.com,25.0,0.0,70936,Rather another beyond.,833.0,Premium,0
C1148,Daniel Palmer,34.0,nan,Soltero,39711.0,4.0,Argentina,2025-02-20,15.1,7.4,Electrónica,dustin56@yahoo.com,27.0,,79565,Instead cultural someone medical large weight seat.,1191.0,Alto,1
C1149,Jamie Carpenter,25.0,M,Viudo,80342.0,1.0,Chile,2022-12-08,2.4,3.9,Hogar,nbyrd@hotmail.com,31.0,1.0,69821,Raise instead good life growth.,770.0,Alto,0
C1150,Robin Miller,52.0,Otro,nan,116896.0,3.0,Colombia,2021-02-11,10.4,0.0,Hogar,christopher61@gmail.com,44.0,,75898,Choice generation white.,1526.0,Alto,0
C1151,Dennis Durham,52.0,nan,Soltero,153254.0,1.0,Argentina,2023-12-09,7.6,7.4,Deportes,rgross@rich.com,1.0,1.0,98370,Get child election however difference.,1378.0,Medio,0
C1152,Calvin Horton,50.0,Otro,Casado,97833.0,1.0,Colombia,2022-04-08,15.8,0.2,Deportes,tylermarcus@bauer-serrano.com,30.0,1.0,13458,Garden build remember wife reality.,1248.0,Alto,1
C1153,Darren Thomas,76.0,M,Divorciado,66276.0,3.0,Chile,2023-02-05,14.8,2.7,Hogar,lucaschristopher@gmail.com,2.0,1.0,14493,Check point home threat later season day.,1687.0,Bajo,0
C1154,Peggy Fox,22.0,F,Soltero,29541.0,,Colombia,2022-05-12,5.0,0.4,Deportes,christopher56@hicks.net,7.0,0.0,10767,Indeed yet tax same.,1554.0,Alto,1
C1155,Jessica Drake,59.0,M,Soltero,104457.0,1.0,Argentina,2021-09-07,19.5,1.5,Ropa,melissa87@gmail.com,23.0,,68000,Single medical down bar out brother smile happy.,145.0,Premium,1
C1156,Sarah Sandoval,56.0,Otro,Viudo,54813.0,2.0,Colombia,2022-04-09,1.5,0.5,Belleza,vanessa63@martinez.com,14.0,1.0,81868,Hot rule today figure speak place ok management.,1264.0,Alto,0
C1157,Samuel Allen,75.0,Otro,nan,178270.0,2.0,Argentina,2022-12-19,9.5,3.1,Belleza,guybaker@yahoo.com,42.0,1.0,69481,Reality part population yard eat which mean.,892.0,Medio,1
C1158,Joel Torres,58.0,nan,Divorciado,149892.0,1.0,Colombia,2020-10-23,10.8,2.9,Ropa,cynthiasuarez@hotmail.com,30.0,0.0,66293,North foreign affect quickly.,343.0,Medio,1
C1159,Tracy Johnson,45.0,F,Casado,34070.0,,Argentina,2023-08-03,13.6,6.3,Belleza,qsheppard@martinez.com,8.0,,70334,Entire recent whatever weight receive.,1772.0,Bajo,0
C1160,Christopher Simon,24.0,nan,Divorciado,152194.0,4.0,Argentina,2022-04-12,12.2,5.2,Electrónica,tuckerjoy@hotmail.com,38.0,,07137,Natural oil entire feel statement citizen lot.,1058.0,Medio,1
C1161,Lori Bowers,26.0,Otro,Casado,90559.0,3.0,Colombia,2020-06-11,3.7,2.7,Ropa,ekeller@diaz.com,44.0,0.0,02161,Finish among truth instead.,701.0,Alto,0
C1162,Timothy Mcintyre,25.0,M,nan,51786.0,2.0,Chile,2021-04-11,18.1,4.7,Deportes,justinwilson@ruiz.com,1.0,0.0,95143,Head enough ago young.,0.0,Premium,1
C1163,Brittany Matthews,29.0,F,Casado,147809.0,4.0,México,2021-12-19,18.2,0.0,Ropa,garciakristina@jenkins.info,7.0,,54888,Example newspaper he health rather.,152.0,Medio,1
C1164,Heather Manning,51.0,M,Viudo,46062.0,1.0,Chile,2022-11-13,3.3,1.9,Hogar,thomas06@gmail.com,6.0,0.0,55246,Upon matter TV join campaign clear recent.,428.0,Bajo,0
C1165,Jennifer Mcguire,50.0,M,Viudo,195309.0,4.0,Colombia,2023-05-26,7.6,1.0,Deportes,james75@cruz.com,43.0,,65932,Argue use point significant vote.,507.0,Alto,0
C1166,Benjamin Mason,65.0,F,Viudo,61571.0,0.0,Chile,2023-09-04,0.1,2.7,Hogar,kayla10@yahoo.com,50.0,,53866,Outside you culture ask because nor.,1149.0,Bajo,1
C1167,Allen Harris,72.0,nan,Viudo,35510.0,2.0,Argentina,2023-12-06,16.4,3.5,Deportes,vjordan@valenzuela.com,38.0,1.0,28856,By west test think.,490.0,Medio,1
C1168,Mr. Logan Brown,40.0,M,Divorciado,29426.0,1.0,México,2024-06-03,6.8,5.8,Belleza,rosstimothy@gmail.com,41.0,1.0,07026,Six method expect out hear care.,1505.0,Medio,0
C1169,Amanda Harrison,79.0,Otro,nan,47265.0,3.0,Colombia,2025-01-31,8.7,4.7,Ropa,james88@castillo.com,15.0,,71813,Become near seat particularly also.,344.0,Bajo,1
C1170,Edward Wolf,41.0,M,Casado,158922.0,,Colombia,2021-04-19,6.7,5.9,Electrónica,michelebauer@hotmail.com,34.0,,64329,Early seem government bit.,1761.0,Alto,1
C1171,Stephanie Powell,54.0,F,Casado,76150.0,1.0,Colombia,2021-10-17,7.1,5.5,Deportes,zchan@gmail.com,29.0,,86231,Gun factor pattern hard.,220.0,Medio,1
C1172,Gail Bruce,52.0,F,Viudo,97312.0,3.0,México,2021-08-09,5.1,3.7,Deportes,daviddavenport@hotmail.com,9.0,,68435,Represent share another result arrive marriage indeed.,722.0,Premium,1
C1173,Todd Bailey,61.0,F,Viudo,99613.0,,Argentina,2022-08-13,12.8,6.8,Hogar,reedjames@miller.com,37.0,,63841,Account newspaper mission.,1048.0,Medio,0
C1174,Christopher Butler,57.0,nan,Soltero,84910.0,,Colombia,2022-04-20,1.3,6.6,Belleza,yvetteriddle@yahoo.com,17.0,,61203,Your attack save stock energy town thought.,527.0,Alto,0
C1175,Jennifer Soto,39.0,M,nan,62375.0,1.0,Chile,2023-11-01,11.2,4.7,Hogar,lawrencesamantha@salinas.com,49.0,0.0,25088,Peace far walk view.,1205.0,Medio,0
C1176,Troy Dixon,44.0,nan,Divorciado,131826.0,4.0,Colombia,2020-10-19,6.4,9.9,Hogar,stephaniesmith@yahoo.com,4.0,,28671,Success parent marriage court party.,1522.0,Bajo,0
C1177,Kristin Greene,52.0,nan,Casado,45435.0,4.0,Colombia,2024-03-03,18.2,4.0,Belleza,timothy02@yahoo.com,,0.0,80470,Hotel join like plan fear hot.,840.0,Medio,0
C1178,Frances Myers,18.0,F,Soltero,106443.0,,Colombia,2022-07-16,7.8,5.3,Electrónica,millsbrandon@gmail.com,28.0,0.0,38863,Father discuss design game value method.,1664.0,Medio,0
C1179,Heather Bryant,52.0,F,Soltero,198204.0,4.0,Colombia,2021-02-02,14.7,8.1,Hogar,johnsonphilip@lambert-wade.biz,38.0,,78396,Glass successful third she arm represent check than.,1065.0,Alto,1
C1180,Jessica Walker,54.0,nan,Casado,144055.0,0.0,Argentina,2021-02-02,12.8,9.4,Hogar,bakeramy@bradshaw-james.com,33.0,,42215,Speak use board.,480.0,Bajo,0
C1181,Julie Gonzalez,64.0,M,Divorciado,161734.0,,Chile,2021-03-15,1.8,6.2,Deportes,riverayolanda@hotmail.com,42.0,0.0,02673,Too mission feel herself statement do piece.,929.0,Alto,1
C1182,Edward Kent,31.0,Otro,Soltero,33510.0,,Argentina,2023-09-16,15.7,3.3,Belleza,jennifercooper@wallace.net,44.0,0.0,02564,Maybe old those produce hotel.,1771.0,Medio,1
C1183,Vanessa Wilson,20.0,nan,Soltero,182070.0,3.0,Chile,2022-03-06,3.5,6.3,Ropa,oreyes@payne.com,22.0,,49135,Share level various identify.,871.0,Premium,1
C1184,Tyler Smith,18.0,M,nan,197918.0,4.0,Colombia,2022-06-10,18.0,0.1,Electrónica,jessicagraham@yahoo.com,4.0,,70940,Change writer himself work them name.,1462.0,Medio,0
C1185,Mr. Donald Rivera MD,22.0,F,Divorciado,104071.0,,México,2020-05-31,2.2,4.4,Electrónica,jane72@rogers.com,29.0,0.0,82867,Act animal let heavy painting direction cut.,1425.0,Alto,1
C1186,Kevin Huang,43.0,F,Soltero,16640.0,0.0,Argentina,2025-01-14,0.0,4.8,Belleza,fmartinez@campos-king.com,5.0,0.0,63027,Despite hand last leader appear energy industry.,1569.0,Premium,0
C1187,Kyle Stone,72.0,M,Divorciado,54547.0,3.0,México,2023-10-02,11.3,7.5,Deportes,malonemichelle@hotmail.com,45.0,0.0,12944,Former fish here sense.,344.0,Alto,1
C1188,Molly Freeman,120.0,Otro,Casado,64620.0,1.0,Argentina,2023-03-15,2.9,6.2,Deportes,marilyn62@howell.com,43.0,1.0,33288,Senior at home social situation.,44.0,Alto,1
C1189,Crystal Martinez,31.0,F,Viudo,156389.0,,Colombia,2023-07-19,7.3,8.1,Belleza,gregory64@yoder-matthews.com,3.0,0.0,08477,Feeling subject break purpose newspaper week.,1669.0,Bajo,0
C1190,Courtney Foley,56.0,F,Soltero,125608.0,0.0,Argentina,2023-03-16,18.9,5.5,Deportes,fishersheila@yahoo.com,28.0,1.0,48055,Week evidence visit stage standard.,20.0,Premium,1
C1191,Elizabeth House,44.0,F,nan,17564.0,2.0,Colombia,2020-11-19,9.6,7.7,Electrónica,elizabeth74@gmail.com,22.0,,00993,Become health production.,1657.0,Medio,1
C1192,Karen Turner,26.0,M,Casado,168417.0,0.0,Argentina,2025-01-20,19.4,9.4,Electrónica,reyesbailey@butler.org,5.0,,83928,Item into blood happen create happy.,1093.0,Alto,1
C1193,Stephanie Miller,32.0,nan,Divorciado,123824.0,0.0,Colombia,2024-04-15,16.8,1.0,Ropa,kelseyperry@turner.com,31.0,0.0,64588,Line skin write through wrong.,872.0,Medio,1
C1194,Victoria Taylor,32.0,F,Casado,89273.0,3.0,Colombia,2024-08-02,17.6,9.5,Belleza,yrasmussen@ramos.net,41.0,,51059,Every soon energy follow would.,47.0,Bajo,0
C1195,William Murphy,43.0,nan,Soltero,84859.0,1.0,Chile,2020-05-22,3.4,6.2,Hogar,youngemily@gmail.com,17.0,,80707,Believe hour owner happy tax culture.,1514.0,Bajo,1
C1196,Ronald Fisher,59.0,Otro,Divorciado,120017.0,2.0,Colombia,2022-10-26,9.9,6.8,Hogar,ryanbryant@hotmail.com,14.0,,38828,Heart meet compare range glass food position trip.,550.0,Premium,1
C1197,Dale Klein,77.0,F,Viudo,133618.0,4.0,Chile,2024-04-12,17.4,2.2,Ropa,avargas@yahoo.com,39.0,,51315,Mouth good view stop after city.,286.0,Bajo,0
C1198,Justin Carr,30.0,F,Casado,193465.0,4.0,Colombia,2024-01-16,17.5,2.1,Ropa,adamfreeman@richardson-sanders.biz,31.0,1.0,90656,Worry energy occur need.,1001.0,Bajo,1
C1199,Michael Black,68.0,Otro,Soltero,135341.0,0.0,México,2020-06-02,14.9,7.6,Deportes,brich@hotmail.com,8.0,1.0,66690,Fill whose medical your recent kid day room.,1033.0,Medio,1
C1200,George Robbins DDS,120.0,F,nan,39430.0,3.0,Colombia,2020-06-05,17.2,1.8,Ropa,dwalker@gonzalez-page.com,36.0,0.0,04365,Fly drive read down serve.,541.0,Bajo,1
C1201,Daryl Sanchez,49.0,nan,Divorciado,37788.0,3.0,México,2022-11-30,0.0,0.6,Ropa,rmartinez@shea.com,9.0,0.0,55548,Common today build by across.,755.0,Bajo,1
C1202,Tiffany Mills,56.0,M,Casado,189615.0,4.0,México,2023-06-09,12.0,3.0,Hogar,kaylapayne@hotmail.com,19.0,0.0,39831,Issue talk ever camera mouth pass.,273.0,Alto,0
C1203,Jessica Duncan,66.0,nan,Casado,154991.0,2.0,Colombia,2024-06-29,10.5,10.0,Deportes,bishopdavid@campbell-castillo.com,5.0,,36654,Indeed those tax.,955.0,Bajo,1
C1204,Beth Sharp,69.0,M,Viudo,79346.0,1.0,México,2021-02-01,17.0,9.5,Ropa,udavis@adams.biz,47.0,,40666,To assume size boy politics case prepare.,599.0,Alto,0
C1205,Charles Tyler,78.0,M,Viudo,106122.0,2.0,Chile,2024-04-23,5.7,0.3,Ropa,adamvazquez@yahoo.com,2.0,1.0,54219,Age act indicate reflect record per other.,1779.0,Bajo,1
C1206,Richard Bradford,49.0,nan,nan,49974.0,,Argentina,2023-06-12,5.2,7.0,Deportes,lesliebyrd@hotmail.com,41.0,1.0,82117,Imagine of participant floor whatever boy set.,380.0,Bajo,1
C1207,Dr. Robert Estrada,21.0,nan,nan,117309.0,,Colombia,2022-05-10,19.5,2.0,Belleza,joshua70@hotmail.com,10.0,0.0,55112,High spring weight agree executive court start.,1352.0,Premium,1
C1208,Gabriel Hogan,47.0,nan,Soltero,26371.0,1.0,México,2024-11-10,14.6,7.1,Deportes,piercedarrell@hotmail.com,42.0,1.0,92359,Store under enjoy similar her.,478.0,Premium,0
C1209,Natasha Rivera,54.0,nan,Soltero,55084.0,4.0,Colombia,2021-02-16,18.5,7.2,Hogar,ashley69@wang.com,16.0,1.0,94406,Yes than food likely event.,14.0,Alto,1
C1210,Charles Johnson,40.0,Otro,nan,170701.0,1.0,Chile,2020-12-30,7.6,9.4,Belleza,bmckenzie@gmail.com,31.0,1.0,30987,Phone money kitchen clear.,515.0,Bajo,1
C1211,Katie Hartman,56.0,F,nan,192256.0,3.0,Colombia,2022-04-05,19.8,2.7,Electrónica,candice36@george-smith.com,3.0,1.0,27746,Machine so gas.,190.0,Medio,0
C1212,Richard Wilson,62.0,M,Divorciado,71916.0,,Colombia,2025-02-07,2.2,9.4,Deportes,bcordova@logan.biz,3.0,1.0,06949,Kitchen people significant human team scientist.,1191.0,Premium,0
C1213,Kelly Winters,32.0,nan,Viudo,83972.0,0.0,México,2025-04-24,16.8,5.6,Hogar,ashley42@perez-bryant.info,16.0,0.0,32970,Treatment performance consumer foot wind deal civil.,1544.0,Medio,0
C1214,Amy Lyons,60.0,nan,Soltero,22984.0,0.0,Chile,2024-09-01,1.5,7.8,Belleza,nixonrichard@alexander-morris.com,40.0,0.0,31767,Medical worry in Republican military me.,620.0,Premium,0
C1215,Francis Miller,46.0,nan,Viudo,43039.0,4.0,Argentina,2022-01-24,12.8,9.3,Deportes,vcummings@stevens-jackson.com,18.0,1.0,19154,Site soldier walk her ask similar walk.,1160.0,Premium,1
C1216,Tammy Ramsey,53.0,Otro,Viudo,95431.0,3.0,Argentina,2023-09-11,4.4,4.4,Ropa,katherinecollins@hughes-wilson.com,4.0,0.0,82556,Person walk argue attorney cup whom its.,153.0,Bajo,1
C1217,Robin Terry,30.0,nan,nan,93691.0,2.0,México,2024-01-18,8.3,8.5,Deportes,nathanrobles@gmail.com,31.0,,49646,That then hard just thought.,1411.0,Premium,1
C1218,Jesus Rogers,49.0,nan,Divorciado,68606.0,3.0,Colombia,2023-03-15,4.7,4.3,Electrónica,patrickyork@roberts.com,21.0,1.0,56849,Finally PM space try let sign add nature.,1232.0,Medio,1
C1219,Joann Morales,24.0,nan,Casado,151688.0,0.0,México,2024-04-06,9.8,6.7,Deportes,yjordan@warren-carter.com,5.0,,56107,Voice door experience mother fly wonder.,271.0,Premium,0
C1220,Linda Daniels,76.0,F,Divorciado,112665.0,0.0,México,2022-12-19,14.9,6.9,Belleza,garyfarmer@hotmail.com,34.0,0.0,58637,Star leg effort rather piece factor exist.,142.0,Alto,1
C1221,Elizabeth Brown,68.0,Otro,Divorciado,115373.0,,México,2024-05-21,8.7,3.9,Belleza,michaelespinoza@yahoo.com,21.0,0.0,20787,Home born weight suggest your sure.,1634.0,Bajo,1
C1222,Tara Cox,39.0,nan,Viudo,191144.0,3.0,Colombia,2020-07-25,6.9,4.3,Deportes,fwong@thomas.org,0.0,,42809,White loss memory hair this statement test.,1092.0,Bajo,1
C1223,Dana Sheppard,45.0,M,Divorciado,34574.0,3.0,Chile,2022-04-11,14.4,5.5,Belleza,mjohnson@yahoo.com,19.0,0.0,44251,Spend real central road capital appear.,246.0,Alto,1
C1224,Sydney Lamb,19.0,M,Soltero,144502.0,0.0,México,2021-03-30,13.1,1.0,Ropa,henrycarolyn@hotmail.com,21.0,1.0,43569,Minute magazine why power night artist.,1284.0,Alto,0
C1225,Melvin Ferguson,59.0,M,Viudo,153748.0,2.0,Colombia,2021-12-31,3.3,9.4,Deportes,wendycollins@bates.com,47.0,,06292,Situation scene campaign week someone pretty no.,787.0,Alto,1
C1226,Marvin Griffin,62.0,Otro,Soltero,151888.0,4.0,Chile,2024-03-23,12.6,5.9,Ropa,kayla74@miller.biz,10.0,1.0,83012,Serve bring to actually price ever baby kitchen.,78.0,Premium,1
C1227,Jason Oneal,79.0,Otro,Casado,42733.0,4.0,México,2023-08-23,14.4,3.9,Ropa,aaron94@thompson-frost.com,12.0,,23740,Memory yourself yard check beyond behind perform.,1681.0,Bajo,1
C1228,Autumn Davis,74.0,M,Viudo,12050.0,3.0,Argentina,2021-08-25,5.2,4.0,Hogar,elizabethsmith@hotmail.com,41.0,0.0,29512,Course thing project value.,622.0,Alto,0
C1229,Valerie Hoffman,70.0,nan,Casado,119996.0,4.0,Chile,2023-07-29,1.9,2.0,Deportes,mejiabrandon@gmail.com,2.0,,03940,Participant impact science grow accept every very serious.,1793.0,Premium,0
C1230,Thomas Edwards,23.0,Otro,Viudo,43933.0,0.0,México,2020-06-04,11.7,8.2,Belleza,brandonsmith@hotmail.com,8.0,,02984,Type view guy later throw.,1628.0,Alto,1
C1231,Samuel Walton,45.0,M,nan,34951.0,0.0,Chile,2021-01-28,17.5,2.5,Ropa,russelldebra@yahoo.com,11.0,1.0,96225,Party church finish professor guess.,524.0,Medio,1
C1232,Bruce Tran,45.0,M,Divorciado,42413.0,3.0,Chile,2023-02-09,18.1,3.4,Hogar,smithcody@gmail.com,22.0,0.0,72934,Over would relationship school over.,771.0,Medio,1
C1233,Andrea Cain,61.0,nan,nan,175873.0,3.0,Chile,2020-07-07,0.8,6.7,Deportes,dharrington@richards.biz,13.0,1.0,74156,Future family yet friend.,937.0,Bajo,0
C1234,Mindy Powell,61.0,F,Casado,196691.0,,Chile,2020-05-24,12.7,0.6,Deportes,zoewyatt@hotmail.com,32.0,0.0,75541,Enough build just woman.,1644.0,Premium,1
C1235,Jennifer Wilson,37.0,Otro,Divorciado,173985.0,3.0,Chile,2025-04-08,7.8,9.1,Electrónica,aodonnell@gmail.com,17.0,1.0,32422,Bill whom method five view.,1353.0,Medio,1
C1236,Carrie Beltran,47.0,nan,Viudo,122573.0,2.0,Chile,2024-10-22,17.8,1.8,Electrónica,colleen30@gmail.com,48.0,,27098,Record item cover my radio analysis.,1212.0,Medio,1
C1237,Sean Spence,79.0,M,Divorciado,181672.0,4.0,México,2020-05-15,7.3,2.1,Ropa,qharper@hotmail.com,40.0,1.0,72232,Part beat wear news movement.,1118.0,Premium,0
C1238,Jeffrey Chaney,28.0,M,Soltero,198847.0,3.0,Argentina,2023-04-23,12.8,3.7,Electrónica,igates@gmail.com,8.0,0.0,16734,Really dream art moment.,616.0,Alto,1
C1239,Joseph Williams,,nan,Divorciado,176472.0,1.0,Colombia,2023-11-21,18.6,8.6,Ropa,joseph67@yahoo.com,22.0,0.0,42204,Well scene interest everybody bar phone.,1031.0,Premium,1
C1240,Charles Daniels,75.0,Otro,Soltero,145566.0,,Chile,2024-05-27,14.6,6.8,Belleza,sgray@yahoo.com,9.0,,81393,Their bill far.,66.0,Alto,0
C1241,John Mitchell,72.0,F,Divorciado,132744.0,1.0,Colombia,2022-09-12,4.2,8.8,Ropa,angelicajennings@fisher.org,18.0,0.0,76592,Somebody beyond crime help wish.,1519.0,Medio,0
C1242,Michael Rosario,45.0,F,Soltero,99431.0,0.0,México,2022-10-16,4.7,9.6,Electrónica,hpowell@hoover-howard.info,46.0,1.0,12341,Rich machine require hundred up hair.,190.0,Medio,1
C1243,April Alexander,42.0,M,Casado,53001.0,4.0,Chile,2020-11-12,11.7,4.9,Belleza,richard79@pierce.info,4.0,,18087,Just model special.,1389.0,Medio,0
C1244,Latasha Taylor,56.0,Otro,nan,77364.0,3.0,Argentina,2024-12-19,3.3,8.8,Electrónica,yfisher@silva.info,46.0,0.0,33836,Establish stuff describe again become always.,767.0,Bajo,1
C1245,Victor Singh,79.0,F,Viudo,134988.0,1.0,Colombia,2022-05-24,12.8,0.9,Ropa,hbailey@brown.com,99.0,0.0,36075,Nation behavior fear get serious act.,520.0,Bajo,0
C1246,Michelle Ramirez,50.0,Otro,Divorciado,55028.0,4.0,Chile,2025-04-30,12.3,9.8,Hogar,patricia54@pitts.org,22.0,1.0,57442,Live surface change very kind reflect Mrs.,989.0,Bajo,0
C1247,Phillip Casey,18.0,Otro,nan,178645.0,0.0,México,2021-05-19,14.1,0.0,Deportes,khaynes@yahoo.com,29.0,1.0,05508,Argue race despite last plan truth executive method.,1140.0,Premium,1
C1248,Timothy Smith,74.0,M,Viudo,141878.0,2.0,Argentina,2022-08-17,7.8,2.1,Electrónica,lopezjessica@hotmail.com,24.0,,08503,Century different edge.,266.0,Medio,1
C1249,Gary Carson,44.0,F,Viudo,134343.0,,Colombia,2021-10-25,0.1,4.5,Ropa,williamsontimothy@johnson-coleman.org,27.0,0.0,53963,Tax chair pretty ground organization media enter.,1634.0,Medio,1
C1250,Tracy Anderson,79.0,nan,Soltero,197710.0,4.0,Colombia,2024-11-19,0.5,5.9,Belleza,robinsonnatalie@gmail.com,33.0,1.0,74903,Force public later direction either.,484.0,Premium,0
C1251,Alan Miller,74.0,M,Casado,138301.0,4.0,Chile,2022-11-02,15.8,9.1,Electrónica,shane90@salinas-russell.info,44.0,,62913,Choice people into quality company.,1532.0,Bajo,1
C1252,Roy Newman,69.0,F,Casado,136295.0,2.0,Argentina,2020-09-26,1.9,7.8,Electrónica,emilythomas@yahoo.com,47.0,0.0,60593,City reveal serve talk actually.,1321.0,Premium,1
C1253,Jerry Fuller,30.0,F,nan,170829.0,4.0,Argentina,2023-02-08,12.6,9.5,Deportes,juliaobrien@yahoo.com,46.0,0.0,81985,Nature morning collection food.,1187.0,Bajo,1
C1254,Kimberly Mendoza,58.0,F,Casado,44636.0,0.0,Argentina,2021-11-27,6.9,2.6,Ropa,sbailey@cantu.com,24.0,,30034,Center chance news news expert difficult while.,375.0,Medio,1
C1255,Robert Hull,20.0,F,Divorciado,189352.0,0.0,Argentina,2023-12-16,17.9,9.4,Hogar,kevin50@garcia.com,9.0,,75315,Owner production chair wall though education question.,652.0,Alto,1
C1256,Connie Harper,56.0,F,Casado,34262.0,2.0,México,2024-03-15,5.7,0.1,Belleza,gavingreer@yahoo.com,13.0,1.0,71932,Technology gun left car per service public dog.,1291.0,Bajo,0
C1257,Brittany Guerra,23.0,Otro,nan,90435.0,,Argentina,2023-06-07,17.6,6.6,Ropa,christina21@lee-tate.biz,41.0,0.0,60025,Decide continue environmental government.,548.0,Medio,1
C1258,Thomas Ibarra,25.0,M,Casado,195914.0,3.0,Colombia,2021-05-09,13.1,1.8,Belleza,megan78@ayala.org,45.0,0.0,69965,Husband like might perhaps air thing.,1097.0,Medio,1
C1259,Rachel Murphy,44.0,Otro,Divorciado,138583.0,1.0,Colombia,2022-12-21,7.5,9.8,Electrónica,mmorales@hotmail.com,29.0,0.0,28880,Red develop minute music.,1531.0,Alto,0
C1260,Daniel Nguyen,26.0,nan,Soltero,198051.0,3.0,México,2022-03-06,16.0,4.3,Deportes,justin60@yahoo.com,40.0,,66799,Challenge kind across game.,72.0,Medio,1
C1261,Adam Fox,79.0,F,nan,179269.0,4.0,Colombia,2022-04-23,2.2,9.4,Deportes,jessicaweaver@hotmail.com,24.0,1.0,45030,Support computer eight.,307.0,Medio,1
C1262,David Cochran,54.0,M,Soltero,51844.0,1.0,Colombia,2022-05-25,4.5,7.4,Hogar,paul57@hotmail.com,13.0,0.0,18290,The detail respond these.,198.0,Bajo,1
C1263,Sarah Rodriguez,50.0,F,Soltero,74754.0,2.0,Argentina,2024-01-17,9.7,2.2,Deportes,davischristopher@porter.com,34.0,,02506,Natural across gas if.,1153.0,Bajo,1
C1264,Stephanie Lucero,68.0,M,Soltero,175229.0,2.0,Colombia,2024-05-12,0.3,9.4,Electrónica,ljacobs@gmail.com,99.0,0.0,40096,Single report let guess gas.,1781.0,Alto,1
C1265,Chad Brown,59.0,Otro,Viudo,87129.0,,México,2021-02-25,2.5,3.7,Hogar,kaylasanford@hotmail.com,47.0,1.0,44224,Down detail assume charge investment.,571.0,Alto,0
C1266,Amanda Harris,61.0,M,Viudo,50042.0,1.0,Argentina,2022-12-03,9.2,3.8,Ropa,scottcruz@wright.net,33.0,0.0,67421,Off sense why reality coach kitchen way.,790.0,Medio,0
C1267,Derek Choi,41.0,nan,Soltero,71665.0,0.0,Chile,2024-04-30,12.3,1.9,Deportes,benjamin75@sherman.com,9.0,1.0,02835,Position say those perhaps fine improve.,1638.0,Bajo,0
C1268,Lauren Taylor,32.0,nan,nan,126953.0,1.0,Argentina,2021-10-31,3.6,6.4,Hogar,wallererin@harper.biz,34.0,1.0,21855,Long dog policy only great strong.,1510.0,Alto,1
C1269,Aaron Chambers,76.0,M,Divorciado,168448.0,4.0,México,2023-03-07,4.7,9.5,Electrónica,caldwelllauren@brown.com,10.0,0.0,03172,Hospital take many television trade social.,1174.0,Alto,0
C1270,Kristina Shaffer,71.0,M,Divorciado,196626.0,0.0,Argentina,2024-05-02,4.7,8.1,Belleza,rachel97@boyd.com,10.0,0.0,53889,Ball too ready evidence wait week.,1692.0,Premium,1
C1271,Jeffery Bridges,49.0,M,Casado,155271.0,2.0,Argentina,2024-10-05,3.9,5.6,Belleza,dpaul@yahoo.com,20.0,1.0,21275,Win bag to cause enter fill.,1229.0,Alto,1
C1272,Amy Carter,49.0,M,nan,128533.0,1.0,México,2021-11-11,15.2,7.2,Electrónica,gregorykennedy@horton.info,20.0,,71696,Computer decide power argue leader.,178.0,Medio,1
C1273,Jason Holmes,41.0,nan,Viudo,192020.0,3.0,Argentina,2021-11-29,8.6,1.8,Electrónica,stanleyashley@jackson.com,21.0,1.0,31853,Military small mother region.,196.0,Bajo,0
C1274,Christy Thompson,58.0,F,Soltero,83781.0,,México,2024-03-13,3.0,5.4,Belleza,stephanie68@browning-knight.info,44.0,0.0,27190,Experience she war government probably not system.,734.0,Alto,0
C1275,Richard Bowen,69.0,M,Casado,76262.0,3.0,México,2022-02-22,14.0,4.9,Hogar,greenjames@nguyen.com,6.0,0.0,26994,Popular significant she subject go.,88.0,Premium,0
C1276,Amanda Estrada,66.0,M,Divorciado,56600.0,,Chile,2023-12-15,15.0,2.8,Belleza,laurawilliams@gmail.com,16.0,,59140,Player maintain yeah investment become back energy.,798.0,Bajo,1
C1277,Richard Newton,79.0,nan,Viudo,86898.0,4.0,Colombia,2023-04-05,8.7,9.5,Electrónica,shepherdjoshua@hotmail.com,1.0,1.0,17261,Hope own bill try.,1457.0,Alto,0
C1278,Denise Smith,66.0,nan,Viudo,159369.0,3.0,Colombia,2021-09-15,15.0,5.5,Deportes,gabrielguzman@hunt.org,11.0,1.0,23108,Technology example sing paper.,787.0,Premium,1
C1279,Travis Ward,75.0,Otro,Soltero,40448.0,1.0,Argentina,2023-10-13,1.5,6.5,Ropa,griffinsharon@mcdonald-jimenez.com,41.0,1.0,16520,Work include minute result for sit.,747.0,Alto,0
C1280,Lisa Rivera,69.0,M,Divorciado,36172.0,1.0,Argentina,2023-08-22,17.6,4.4,Deportes,shouston@hotmail.com,17.0,0.0,89906,Back southern detail visit just opportunity should.,1206.0,Bajo,0
C1281,Dennis Simpson,29.0,Otro,nan,183946.0,3.0,Chile,2021-07-21,10.6,4.8,Deportes,kirbycaitlin@zimmerman.info,10.0,1.0,80164,Apply enough usually.,208.0,Bajo,1
C1282,Marissa Stevens,79.0,nan,Viudo,17657.0,1.0,Chile,2024-04-08,2.2,5.1,Electrónica,spencerkaren@patterson.info,15.0,,77100,Feeling staff entire fire case tell join even.,492.0,Bajo,1
C1283,Stacy Ponce,56.0,nan,Soltero,166497.0,4.0,Chile,2022-01-30,16.9,0.7,Belleza,trevinoaustin@herrera-taylor.biz,48.0,0.0,27496,Kind them magazine coach camera morning.,1153.0,Medio,0
C1284,Jesse Cooper,19.0,F,nan,167757.0,0.0,México,2024-02-22,1.7,7.3,Hogar,regina82@baker-williams.com,50.0,0.0,38633,Fear trial practice.,664.0,Alto,0
C1285,Shari Rodriguez,20.0,M,Divorciado,122855.0,4.0,Chile,2022-09-06,17.6,6.5,Deportes,jeffreysweeney@hotmail.com,17.0,1.0,89467,South professor also act.,1036.0,Medio,0
C1286,Marie Parker,66.0,Otro,Viudo,165650.0,,Chile,2021-03-29,1.6,1.0,Belleza,alvarezkevin@mckinney.info,34.0,,78881,If choose beautiful sort.,1657.0,Bajo,1
C1287,Charles Vargas,54.0,nan,nan,169903.0,4.0,Argentina,2023-02-18,2.1,7.1,Hogar,heidi43@guzman-green.com,,0.0,42638,The plant three few very cost hour.,870.0,Premium,1
C1288,Denise Weaver DDS,66.0,nan,nan,17906.0,,Chile,2021-09-20,5.5,4.2,Deportes,williamsstephen@bryant.org,25.0,0.0,52814,Oil likely guess recognize leave pattern.,731.0,Alto,0
C1289,Cassandra Jones,73.0,Otro,nan,71413.0,1.0,México,2021-01-21,16.8,2.6,Hogar,robertsjennifer@flores-king.com,15.0,1.0,05110,Foot chair sit agency animal.,1129.0,Medio,0
C1290,Sarah Young,34.0,F,Viudo,64028.0,0.0,México,2021-01-23,19.8,9.4,Belleza,jsimmons@yahoo.com,5.0,1.0,48493,Make source strategy.,1398.0,Alto,1
C1291,Aaron Dixon,76.0,nan,Viudo,17287.0,1.0,Argentina,2022-07-26,8.4,6.7,Ropa,patriciarodriguez@gmail.com,43.0,,20936,News life within author raise name sell.,1605.0,Premium,0
C1292,Holly Crawford,66.0,M,Casado,43660.0,2.0,Chile,2024-12-07,9.2,9.0,Belleza,underwoodmichael@yahoo.com,42.0,1.0,03413,You PM possible doctor under ball establish.,1730.0,Medio,1
C1293,Eric Fuller,19.0,nan,Divorciado,70504.0,1.0,Chile,2024-02-07,18.1,3.9,Electrónica,moralesyvonne@cross-garcia.org,46.0,,87822,Around difficult kid.,697.0,Bajo,1
C1294,Wendy Castillo,19.0,M,Soltero,112979.0,,México,2023-05-14,7.6,9.0,Hogar,johndorsey@yahoo.com,46.0,0.0,34638,Message alone ok TV.,1122.0,Medio,1
C1295,Cheryl Williams,45.0,Otro,nan,44701.0,1.0,Chile,2023-12-21,13.9,4.1,Ropa,hamiltonjustin@hotmail.com,47.0,,42413,Organization wish board audience process charge our.,593.0,Alto,1
C1296,William Young,71.0,M,Casado,93300.0,1.0,Chile,2023-09-16,10.9,4.2,Hogar,shawkeith@young.biz,41.0,,80212,Crime scientist suggest best smile ten marriage.,1610.0,Alto,1
C1297,John Allen,40.0,Otro,Soltero,158746.0,0.0,Chile,2022-10-30,18.4,2.1,Hogar,loganjessica@hotmail.com,11.0,,82751,None player relationship later.,885.0,Alto,1
C1298,Joshua Powell,54.0,M,Casado,93560.0,1.0,Colombia,2024-02-03,15.2,4.5,Deportes,qestrada@hall.org,12.0,0.0,14678,Treatment minute girl some music.,851.0,Alto,0
C1299,Christina Brown,49.0,Otro,Viudo,164946.0,0.0,Argentina,2022-10-02,16.8,3.1,Electrónica,donaldroberts@alvarez-jones.biz,3.0,1.0,49338,Second whose black guy.,1215.0,Bajo,1
C1300,Casey Gomez,50.0,M,nan,53642.0,3.0,Colombia,2025-02-27,15.4,0.7,Hogar,peter16@williamson-hartman.org,38.0,0.0,14426,Special woman smile current wide collection.,324.0,Medio,1
C1301,Marvin Scott,18.0,F,Soltero,75160.0,2.0,Argentina,2024-11-12,6.9,1.3,Belleza,sking@hotmail.com,1.0,1.0,95747,Special size significant.,978.0,Bajo,0
C1302,Ashley Mason,36.0,M,Soltero,27602.0,0.0,México,2020-09-15,15.7,9.4,Belleza,darrenodonnell@gmail.com,25.0,,65830,Company do item.,1749.0,Bajo,1
C1303,Kelly Mckee,79.0,M,Soltero,113320.0,,Chile,2022-08-27,12.0,0.6,Deportes,jkennedy@yahoo.com,26.0,,02669,Head trial someone central truth.,955.0,Bajo,0
C1304,Angela Cruz,19.0,F,Soltero,98801.0,3.0,Argentina,2021-12-29,13.6,9.5,Electrónica,xmartin@hotmail.com,26.0,,32986,They whatever late road court.,1490.0,Alto,1
C1305,Ashley Richards,70.0,nan,Soltero,35931.0,0.0,Colombia,2023-08-12,14.8,0.2,Electrónica,heathercunningham@yahoo.com,14.0,,13086,Laugh me win near born toward gas.,893.0,Alto,0
C1306,Renee Williams,61.0,nan,Casado,104377.0,0.0,Chile,2022-03-31,8.1,2.5,Belleza,yrobinson@gmail.com,7.0,,64816,May three energy key news put stock.,1390.0,Alto,0
C1307,Julie Hernandez,43.0,M,nan,39192.0,2.0,México,2024-10-08,12.3,2.4,Ropa,horndeanna@mullen-smith.com,6.0,1.0,87461,Share or purpose attention energy training.,1341.0,Medio,1
C1308,Alexis Johnson,49.0,F,Viudo,56542.0,,Argentina,2024-09-24,16.8,3.3,Deportes,cole88@pugh-barrera.com,46.0,1.0,64248,Modern born station central picture.,143.0,Premium,1
C1309,Jennifer Brock,23.0,M,Viudo,137015.0,4.0,Argentina,2021-07-14,1.3,2.5,Deportes,lorileon@gmail.com,45.0,,58896,You right treat reality figure visit.,383.0,Alto,1
C1310,James Winters,49.0,Otro,Viudo,52520.0,4.0,Argentina,2022-03-10,15.8,9.2,Belleza,davidwright@white-santiago.net,39.0,0.0,49884,Project prevent close design effect question out.,215.0,Medio,1
C1311,Juan Guzman,72.0,Otro,Viudo,74772.0,0.0,Chile,2022-04-02,3.7,1.3,Belleza,jennifertrevino@yahoo.com,11.0,0.0,43228,Deep option teach bar Democrat.,1384.0,Alto,0
C1312,Rose Anderson,21.0,M,Casado,199834.0,1.0,Colombia,2021-09-18,15.8,6.8,Ropa,beckbenjamin@aguirre.com,12.0,,66275,Clearly share house bit example the.,323.0,Alto,0
C1313,Donald Romero,72.0,nan,Divorciado,60106.0,,Colombia,2021-11-18,1.9,9.9,Ropa,bryanpaul@short-hernandez.com,42.0,1.0,17132,Know window training forward.,1038.0,Bajo,0
C1314,Annette Blake,28.0,nan,nan,91121.0,3.0,Argentina,2022-09-16,0.8,4.4,Electrónica,margaretalexander@hotmail.com,16.0,0.0,72987,Local international collection life.,216.0,Bajo,1
C1315,Benjamin Smith,73.0,M,Soltero,35559.0,1.0,México,2020-05-07,3.2,2.0,Deportes,jeffrey77@webb.biz,16.0,0.0,28047,Rest bring job center job a brother interesting.,1515.0,Bajo,0
C1316,Christine Haas,76.0,M,Divorciado,115595.0,1.0,México,2023-06-29,16.9,3.1,Deportes,robert24@gmail.com,35.0,0.0,34134,Whose include key spring local.,950.0,Medio,1
C1317,Jody Gallagher,34.0,Otro,Viudo,43742.0,,Colombia,2021-02-11,12.4,3.0,Belleza,chris64@cox-stevens.com,20.0,,29630,Television magazine where affect.,1570.0,Premium,1
C1318,Sarah Hall,120.0,nan,Divorciado,79669.0,0.0,México,2024-11-30,2.6,8.8,Electrónica,jackwilliams@rios.com,7.0,0.0,58017,Partner old why big book.,182.0,Premium,0
C1319,Tiffany Taylor,55.0,M,nan,162826.0,0.0,Colombia,2020-10-11,17.1,7.5,Deportes,dmoody@hotmail.com,4.0,0.0,78509,About article worry hotel thank.,269.0,Medio,1
C1320,Amanda Byrd,41.0,Otro,Soltero,145044.0,0.0,Argentina,2023-01-22,8.6,8.5,Electrónica,smithann@gordon.biz,25.0,0.0,76990,Them why miss budget friend as three week.,944.0,Alto,0
C1321,Christine Thomas,22.0,nan,Soltero,80831.0,0.0,Colombia,2024-11-04,12.9,7.2,Electrónica,tylerwong@gmail.com,15.0,0.0,10796,Quickly interest grow.,1490.0,Medio,1
C1322,Stuart Rose,69.0,F,nan,122217.0,4.0,Colombia,2021-04-12,7.8,7.3,Belleza,philipdavis@cooper.com,35.0,1.0,84416,Voice change miss.,869.0,Alto,0
C1323,Joseph Garcia,51.0,Otro,nan,51873.0,0.0,Argentina,2023-10-26,12.8,9.6,Electrónica,danderson@yahoo.com,27.0,,71540,Majority open rock television growth.,1635.0,Medio,1
C1324,Megan King,23.0,nan,Viudo,116532.0,4.0,México,2024-12-30,5.4,7.3,Ropa,phillipnelson@arroyo.net,28.0,,92900,Together another song type.,1542.0,Medio,0
C1325,Lawrence Pearson,39.0,nan,Soltero,136267.0,4.0,Colombia,2024-07-21,0.4,8.5,Ropa,sharon52@hotmail.com,46.0,1.0,45474,Would present benefit add light.,1565.0,Medio,0
C1326,Andrew Cummings,28.0,Otro,Divorciado,150975.0,0.0,Colombia,2022-05-31,3.7,5.2,Hogar,kayla66@hernandez-jones.net,11.0,1.0,09196,Such western minute different car evening machine crime.,466.0,Premium,1
C1327,Brianna Hill,120.0,F,Casado,144092.0,2.0,Argentina,2022-04-02,0.9,1.0,Belleza,staceylarsen@yahoo.com,36.0,,22117,Close drive decade manage.,304.0,Bajo,1
C1328,Charles Brown,65.0,Otro,Casado,51755.0,3.0,México,2025-03-21,7.6,4.0,Hogar,gregorysanders@hotmail.com,29.0,0.0,04161,Girl size expert sit design fear method.,1167.0,Medio,0
C1329,Angela Clark,33.0,nan,nan,95956.0,1.0,Colombia,2020-07-31,9.4,0.6,Ropa,cassandraball@gmail.com,22.0,0.0,14726,Their believe water month dark become behind.,110.0,Premium,1
C1330,Victoria Howard MD,50.0,M,Viudo,96988.0,4.0,Argentina,2020-10-22,1.9,5.2,Hogar,nataliehill@forbes.biz,15.0,,35865,Under analysis sing nature young.,1013.0,Bajo,1
C1331,Jennifer Reed,26.0,M,Casado,55648.0,,Colombia,2021-07-01,11.5,7.2,Belleza,qreyes@scott-king.com,13.0,0.0,61192,Player behind anyone ago easy whether top break.,231.0,Bajo,1
C1332,John Mosley,77.0,Otro,Soltero,135991.0,,Chile,2022-09-22,8.7,9.3,Belleza,michael93@brennan.info,9.0,1.0,12790,Moment past turn particularly young.,1714.0,Medio,0
C1333,Heather Anderson,76.0,nan,nan,150588.0,3.0,Argentina,2023-11-01,14.7,9.9,Electrónica,tyleravila@wilkerson.com,6.0,0.0,91604,Turn much one miss nor speech.,1607.0,Alto,0
C1334,Michelle Williams,23.0,M,Divorciado,125005.0,,México,2022-11-05,6.8,8.9,Deportes,tthomas@hotmail.com,44.0,0.0,10586,Blood boy series under ever.,1745.0,Alto,1
C1335,Randy Miller,33.0,nan,nan,12396.0,2.0,México,2021-01-18,6.3,7.7,Electrónica,brittany95@hotmail.com,99.0,0.0,93184,Ground bill million news modern animal history.,1755.0,Alto,1
C1336,Marc Thomas,46.0,Otro,Divorciado,94082.0,,México,2024-09-19,6.3,7.2,Belleza,shenson@west-savage.info,36.0,,56876,Stock increase collection international.,1615.0,Medio,0
C1337,Jeffrey Hunter,20.0,M,nan,160201.0,1.0,México,2020-10-14,9.6,9.3,Ropa,laurenolson@morrow-moore.com,28.0,1.0,39005,Team floor suddenly ready.,1523.0,Alto,1
C1338,Carmen Gardner,37.0,nan,nan,138322.0,1.0,Colombia,2022-11-24,9.2,9.3,Ropa,taylorethan@gmail.com,2.0,0.0,72092,Partner happen after article begin look.,594.0,Premium,0
C1339,Thomas Mack,77.0,M,nan,142663.0,4.0,Colombia,2022-03-23,15.2,0.9,Electrónica,xhogan@thompson.biz,14.0,,08731,Season PM improve south attention enjoy.,1577.0,Premium,1
C1340,Pamela Kelly,76.0,Otro,Divorciado,21303.0,0.0,México,2024-08-07,8.7,0.6,Belleza,luis98@hotmail.com,35.0,0.0,96120,Participant some eat.,1296.0,Premium,1
C1341,Nancy Franco,53.0,nan,Divorciado,171633.0,2.0,México,2021-11-16,9.2,1.2,Ropa,mcleantaylor@yahoo.com,46.0,1.0,04597,Contain skill direction interesting wrong east.,1726.0,Premium,1
C1342,John Douglas,36.0,M,nan,81719.0,4.0,México,2023-10-26,16.3,2.1,Belleza,melissabrown@phillips-cunningham.info,45.0,0.0,14476,Set soon heart common pattern.,172.0,Bajo,0
C1343,Lawrence Graham,43.0,Otro,Casado,109616.0,2.0,Colombia,2021-11-23,6.5,8.7,Ropa,anthonyhodges@curtis.org,99.0,1.0,25015,Whom trip old family later close.,972.0,Premium,0
C1344,Sarah Dennis,20.0,M,Viudo,134165.0,0.0,México,2022-08-03,8.4,1.8,Belleza,vmiranda@gmail.com,18.0,0.0,36792,Part our indeed study argue.,1030.0,Alto,0
C1345,Douglas Campbell,120.0,M,Viudo,96231.0,,México,2023-02-12,9.5,9.4,Hogar,roberthines@yahoo.com,12.0,1.0,67158,One face act service.,1178.0,Medio,0
C1346,Mary Gomez,36.0,F,Viudo,17314.0,,Chile,2020-11-01,14.8,9.8,Belleza,brettgray@jones.com,41.0,0.0,07687,Teach floor will shoulder answer way.,1545.0,Alto,1
C1347,Gwendolyn James,37.0,F,Divorciado,29623.0,0.0,Chile,2023-06-08,18.6,8.5,Belleza,kwilkerson@mack.net,20.0,1.0,87467,Above newspaper might central local maybe.,545.0,Premium,1
C1348,Jon Ferguson,49.0,Otro,Divorciado,115228.0,4.0,México,2022-07-07,3.4,3.1,Electrónica,habbott@yahoo.com,36.0,0.0,52861,No few guy popular final least science.,547.0,Bajo,0
C1349,Amy Dunlap,24.0,F,Casado,174202.0,0.0,Argentina,2024-09-24,14.4,9.9,Hogar,michael15@hester-johnston.biz,26.0,0.0,96392,Network bed best city.,517.0,Premium,1
C1350,Donna Foster,69.0,Otro,Viudo,192828.0,3.0,México,2020-10-13,17.6,9.3,Deportes,john10@smith.com,99.0,,17804,Different present soldier course our often sing side.,913.0,Medio,1
C1351,Michael Garcia,58.0,F,Viudo,107624.0,1.0,Chile,2025-03-01,2.4,3.9,Electrónica,daniel24@yahoo.com,28.0,,89413,Now husband election evidence dog month necessary than.,214.0,Alto,0
C1352,Scott Davis,50.0,M,nan,167364.0,4.0,Argentina,2023-03-18,13.7,3.2,Deportes,dnelson@gmail.com,19.0,1.0,62502,Member white amount south appear job.,133.0,Medio,1
C1353,Paige Miles,57.0,Otro,Divorciado,121785.0,2.0,Argentina,2020-12-22,7.5,8.0,Ropa,andrew10@perry.com,24.0,0.0,90460,Since space prove short popular seem.,284.0,Medio,1
C1354,John Michael,,Otro,Viudo,96206.0,3.0,México,2020-12-17,13.5,3.4,Deportes,mporter@hotmail.com,5.0,1.0,13959,All behavior series information.,1149.0,Medio,0
C1355,Renee Smith DDS,56.0,M,Casado,79274.0,4.0,Chile,2025-01-17,10.9,5.3,Belleza,sean06@hernandez-welch.com,35.0,,28879,Lay prepare office gun I agreement.,1462.0,Alto,1
C1356,Nancy Fields,35.0,Otro,Casado,143541.0,0.0,Chile,2024-09-14,1.4,8.8,Deportes,robert09@hotmail.com,1.0,1.0,81719,Result ok least so significant official range.,685.0,Premium,1
C1357,Tamara Singh,57.0,Otro,Viudo,63947.0,0.0,Argentina,2023-06-26,15.8,2.4,Electrónica,david64@nichols.com,21.0,1.0,47056,Throw while move modern who her.,1175.0,Medio,1
C1358,Lisa Daniels,18.0,F,Divorciado,163606.0,0.0,México,2022-10-29,19.5,0.4,Electrónica,vwilliams@hotmail.com,31.0,,70116,Shoulder owner which lay.,330.0,Alto,0
C1359,Kelly Bailey,28.0,Otro,Casado,58874.0,0.0,Colombia,2023-05-06,8.4,10.0,Deportes,tgreen@hotmail.com,15.0,0.0,20697,Question white yeah nor.,1561.0,Bajo,0
C1360,Michael Rose,45.0,nan,nan,59708.0,2.0,Colombia,2021-07-06,16.2,9.3,Electrónica,donaldcontreras@haley.com,17.0,1.0,00951,Player model language charge.,1406.0,Alto,1
C1361,Yolanda Lam,74.0,M,Casado,84553.0,3.0,Chile,2021-03-27,16.5,9.4,Electrónica,wclarke@andrade-miles.info,4.0,,48354,Arm first edge onto since dream.,1138.0,Bajo,1
C1362,Douglas Estrada,42.0,F,Soltero,78344.0,,Colombia,2021-05-11,2.6,8.0,Deportes,mccoymackenzie@hotmail.com,35.0,0.0,29980,Act ago specific writer here.,893.0,Alto,1
C1363,Dylan Henry,67.0,F,Soltero,59138.0,1.0,Chile,2023-01-30,2.3,2.1,Hogar,johnchurch@gmail.com,29.0,,88617,Simple successful fill voice impact build.,1505.0,Premium,0
C1364,Anthony Jones,40.0,nan,Divorciado,195374.0,2.0,Chile,2024-04-17,9.9,4.4,Hogar,smithsamantha@yahoo.com,44.0,1.0,91056,Partner help build business race tonight.,1307.0,Medio,0
C1365,Denise Phillips,48.0,M,Viudo,57638.0,2.0,Chile,2024-02-01,10.1,0.5,Ropa,popetina@yahoo.com,18.0,0.0,17367,Indicate order forward reality player spend wait.,898.0,Premium,0
C1366,David Morgan,47.0,M,Divorciado,88249.0,,Colombia,2024-10-23,16.7,5.0,Electrónica,eugene02@green.com,22.0,0.0,90625,Kind nearly apply brother represent when.,1098.0,Alto,1
C1367,Sarah Castro,59.0,F,Divorciado,115865.0,,Chile,2024-06-30,0.4,1.8,Deportes,nchapman@yahoo.com,33.0,,00972,Environment affect tend its house teacher let.,1189.0,Medio,1
C1368,Andrew Cox,52.0,Otro,Divorciado,12719.0,1.0,Argentina,2024-02-17,9.9,3.1,Electrónica,kristenkelly@roberts.com,12.0,,60912,Music detail off the best order laugh.,1212.0,Bajo,1
C1369,Robin Duncan,24.0,F,Divorciado,163962.0,1.0,México,2022-05-27,5.5,7.6,Belleza,kayla49@porter-kelly.com,42.0,,41156,While newspaper floor meeting employee weight benefit.,77.0,Alto,1
C1370,Denise Johnston,77.0,M,nan,177581.0,,México,2021-06-16,12.6,6.5,Electrónica,achung@yahoo.com,28.0,0.0,41187,Fire energy institution body seem know.,946.0,Medio,1
C1371,Charles Cox,33.0,nan,nan,52534.0,0.0,Chile,2022-08-05,2.2,9.8,Electrónica,gilmorealexis@moore.biz,35.0,0.0,02224,Development responsibility behind once city challenge.,1625.0,Bajo,0
C1372,Kelly Simmons,43.0,F,Casado,102241.0,2.0,México,2020-11-24,1.7,9.3,Hogar,katrinamitchell@hotmail.com,21.0,1.0,99921,Five guess vote worker compare fall create.,687.0,Bajo,1
C1373,Sarah Lopez,65.0,M,Soltero,159859.0,4.0,Colombia,2024-01-01,17.1,2.5,Deportes,victorlin@yahoo.com,99.0,0.0,79495,Let author shoulder process Mrs.,20.0,Premium,1
C1374,Edward Cruz,74.0,F,Divorciado,136209.0,1.0,Colombia,2023-05-11,5.6,6.8,Electrónica,williamreed@patterson.com,99.0,1.0,94199,Century natural hospital suggest side risk adult group.,565.0,Alto,1
C1375,Jennifer Decker,69.0,Otro,Casado,189917.0,1.0,México,2021-02-15,4.3,1.2,Hogar,adamjohnson@burns.com,46.0,,87167,Continue major whether upon expert.,1207.0,Bajo,0
C1376,Michael Smith,77.0,F,Soltero,199004.0,,Colombia,2023-09-12,4.2,6.0,Ropa,ostevenson@williams.com,35.0,,44248,Recent go set movie likely music light.,1245.0,Medio,1
C1377,James Powers,66.0,F,Viudo,102124.0,3.0,México,2023-05-09,9.4,6.2,Hogar,donald39@hotmail.com,8.0,0.0,62174,Hit lot phone law choose.,826.0,Bajo,0
C1378,Robert Rios,19.0,M,nan,101659.0,4.0,México,2021-08-21,6.3,3.6,Hogar,rebecca85@church-fernandez.com,38.0,,53292,Magazine material hair get pull step in field.,1351.0,Bajo,0
C1379,William Ross,18.0,M,Soltero,174134.0,4.0,México,2022-01-12,0.4,5.7,Hogar,xmartinez@yahoo.com,50.0,,64754,Effort travel condition actually perhaps art.,178.0,Premium,0
C1380,Allison Chavez,65.0,M,Viudo,85713.0,1.0,Chile,2024-03-29,5.5,3.9,Electrónica,emilybrown@hotmail.com,18.0,0.0,09052,Which anyone law out hope beautiful success sister.,1811.0,Premium,0
C1381,Roy Nguyen,79.0,F,Soltero,85418.0,0.0,México,2024-03-21,16.4,8.0,Electrónica,dnguyen@yahoo.com,37.0,1.0,79920,Strategy hit save ever blue oil pick.,1135.0,Medio,0
C1382,Kimberly Roberts,29.0,Otro,nan,138232.0,3.0,Chile,2021-02-04,10.4,5.3,Ropa,bcoleman@yahoo.com,5.0,0.0,99384,Goal worry pick history out.,1759.0,Premium,1
C1383,Kayla Greene,22.0,nan,nan,175904.0,4.0,México,2021-05-18,13.4,2.1,Belleza,julie85@hotmail.com,99.0,1.0,73263,Information soldier choice according than management get.,1749.0,Bajo,1
C1384,Justin Hernandez,54.0,nan,Casado,173038.0,1.0,México,2020-07-17,12.3,9.1,Belleza,jonathan94@gmail.com,46.0,0.0,67511,Early quite society nearly especially sometimes senior.,1082.0,Bajo,0
C1385,Laura Whitehead,49.0,M,Divorciado,154059.0,4.0,México,2024-08-12,6.4,1.3,Belleza,carolharris@gmail.com,14.0,0.0,08878,War information rock like.,1350.0,Premium,0
C1386,Brett Burton,76.0,M,Soltero,178383.0,3.0,Colombia,2021-12-30,19.6,5.3,Ropa,jamesthomas@yahoo.com,19.0,,32305,Movie often bed human.,904.0,Bajo,0
C1387,Jonathon Martinez,72.0,F,Soltero,41575.0,3.0,Chile,2021-03-26,10.8,9.6,Belleza,jordan38@hotmail.com,8.0,0.0,07147,Into artist media avoid thing.,1644.0,Bajo,1
C1388,Daniel Ruiz,26.0,nan,Viudo,73852.0,2.0,Chile,2023-01-30,13.8,9.0,Belleza,anna49@brown.info,31.0,0.0,34516,Truth successful evidence nature minute others.,668.0,Medio,1
C1389,Robert Smith,58.0,M,nan,142079.0,,México,2022-04-29,2.4,3.4,Hogar,gary13@barber.net,3.0,1.0,96849,Fill less street sea network talk rise.,190.0,Premium,0
C1390,Ryan Jacobson,52.0,Otro,Soltero,86242.0,,México,2023-09-06,19.6,7.2,Electrónica,fgraham@shaw-bonilla.net,49.0,,48661,Rate you five local month.,1223.0,Bajo,1
C1391,Benjamin Abbott,36.0,Otro,nan,188589.0,1.0,Colombia,2023-01-13,1.8,4.6,Electrónica,dcrawford@allen-perkins.com,17.0,1.0,15718,Common keep letter east rich well himself.,1335.0,Premium,1
C1392,Barbara Baker,65.0,M,Soltero,39257.0,3.0,Colombia,2024-10-17,10.4,2.5,Hogar,coopertimothy@osborne.com,4.0,1.0,47974,Site performance study for.,707.0,Medio,0
C1393,Kenneth Wilkerson,33.0,M,Casado,183279.0,2.0,Colombia,2023-04-12,1.3,1.8,Hogar,halljared@ramos.biz,19.0,,50031,Attorney letter style member song Congress hope.,1058.0,Premium,0
C1394,Paul Anderson,20.0,nan,Divorciado,154353.0,2.0,Chile,2024-09-21,1.8,4.5,Hogar,kimberlymedina@hotmail.com,22.0,,02261,Attorney drop hot agree.,378.0,Bajo,1
C1395,Kelly Montgomery,37.0,nan,Soltero,71246.0,4.0,Chile,2023-07-12,18.6,0.3,Electrónica,michaelbarnes@gmail.com,10.0,,50378,Relate need share need method out grow between.,386.0,Premium,1
C1396,Danny Brown,41.0,F,nan,11435.0,4.0,Chile,2025-04-25,15.9,3.4,Belleza,kimberlymiller@burns-perry.com,36.0,0.0,89495,Road author a seven near suddenly his public.,1781.0,Bajo,1
C1397,Theresa Williams,71.0,nan,Casado,101357.0,2.0,México,2020-08-13,3.3,3.1,Hogar,bryanduncan@gmail.com,21.0,,74215,Point phone west other most.,236.0,Bajo,0
C1398,Joanna Li,73.0,Otro,Soltero,167732.0,4.0,Chile,2023-12-27,1.4,3.7,Ropa,davidbaker@hotmail.com,3.0,,05519,Thought hair reveal drug ball.,615.0,Bajo,0
C1399,Robert Green,50.0,Otro,Viudo,146156.0,3.0,Argentina,2021-12-28,2.6,5.9,Hogar,smithvictor@gmail.com,28.0,,21931,Begin game impact listen play that kid.,1542.0,Medio,0
C1400,Christopher Shaw,41.0,M,Divorciado,154579.0,0.0,Argentina,2024-07-10,13.7,6.8,Deportes,gonzalezjonathan@jordan.com,43.0,1.0,27398,Business air drug computer simply base.,282.0,Premium,1
C1401,Lindsey Davis,69.0,nan,Soltero,93807.0,3.0,Colombia,2024-09-22,18.9,2.3,Hogar,jenniferfrost@yahoo.com,33.0,1.0,42804,Once training meeting camera computer price.,0.0,Medio,1
C1402,Jenna Moreno,28.0,F,Casado,186611.0,2.0,Chile,2023-08-31,3.6,6.8,Electrónica,christopher72@hotmail.com,12.0,0.0,27727,By again mother weight son miss.,1754.0,Premium,0
C1403,Jason Tyler,66.0,Otro,Viudo,125953.0,2.0,Argentina,2022-04-25,1.9,0.5,Hogar,jamesowens@yahoo.com,41.0,1.0,63866,Site with commercial miss.,463.0,Medio,1
C1404,Theresa Wilson,25.0,Otro,Casado,148563.0,3.0,Colombia,2021-06-13,0.3,2.7,Deportes,lucascraig@hotmail.com,8.0,0.0,71063,Use table nice without car budget.,1253.0,Alto,0
C1405,Amy Franklin,53.0,F,Casado,191264.0,4.0,Chile,2020-07-01,2.2,8.8,Ropa,trannathan@hotmail.com,41.0,1.0,36289,Level own on but meet guess can.,966.0,Bajo,1
C1406,Erin Long,55.0,F,Viudo,133797.0,4.0,México,2021-08-21,9.9,,Belleza,xadams@gmail.com,30.0,,29216,Fast one fill economy large necessary determine.,171.0,Bajo,0
C1407,Daniel Hawkins,57.0,Otro,Casado,73888.0,,Argentina,2020-11-15,16.6,3.4,Hogar,elizabethpeters@durham-macias.info,6.0,1.0,56911,Staff while government guess trouble cultural stock box.,1110.0,Medio,1
C1408,Harold Cox,37.0,Otro,Viudo,83609.0,2.0,México,2024-05-31,0.5,5.8,Deportes,veronicahall@hotmail.com,3.0,0.0,30437,Trial woman miss.,1576.0,Alto,1
C1409,Nicholas Mcdonald,79.0,F,Soltero,19077.0,1.0,Chile,2021-10-22,12.7,0.1,Deportes,lisa31@gmail.com,18.0,1.0,26929,Answer write beat admit never girl smile.,1146.0,Bajo,0
C1410,Lauren Webb,52.0,Otro,Viudo,30953.0,,Argentina,2021-04-01,6.2,2.3,Ropa,katherine87@yahoo.com,41.0,,08047,Movie room develop go democratic finally interview spend.,842.0,Premium,0
C1411,Carolyn Liu,65.0,M,Viudo,124682.0,4.0,Chile,2021-05-27,19.8,6.4,Electrónica,brett10@hotmail.com,29.0,0.0,64397,Garden success important more situation.,1321.0,Medio,0
C1412,Anthony Powell,79.0,M,Divorciado,77889.0,3.0,México,2023-07-05,3.3,8.1,Hogar,fritzjohn@hotmail.com,30.0,,37482,Nature radio small.,689.0,Bajo,0
C1413,Scott Perkins,42.0,F,Viudo,164893.0,4.0,Argentina,2025-03-11,17.1,2.3,Deportes,shannonharding@gutierrez-herrera.org,34.0,,15508,Garden go discussion interesting rate claim.,574.0,Bajo,0
C1414,Julia Fletcher,52.0,nan,Viudo,178639.0,3.0,México,2022-01-27,10.7,1.9,Ropa,amurphy@hotmail.com,20.0,0.0,97742,Win drive work in company election religious.,1507.0,Medio,1
C1415,William Drake,42.0,F,Soltero,125374.0,,Chile,2020-09-28,3.7,7.6,Belleza,fpaul@vincent-cole.com,30.0,,08275,In reduce relationship both.,164.0,Medio,0
C1416,Brandy Nichols,46.0,F,Divorciado,34860.0,2.0,Chile,2024-01-20,5.0,5.6,Deportes,lchristensen@butler-shaw.com,18.0,,89781,Town almost politics phone big boy always.,1722.0,Premium,0
C1417,Christine Castillo,35.0,nan,nan,162267.0,4.0,México,2022-05-25,0.6,9.3,Ropa,tapiajared@ray-liu.com,30.0,1.0,05061,Decision fill instead offer without success.,382.0,Premium,0
C1418,Joseph Smith,,nan,Soltero,87475.0,3.0,Argentina,2024-11-24,13.0,1.8,Electrónica,brownholly@edwards.info,,,13624,Build international carry yard.,208.0,Bajo,0
C1419,Stephen Bolton,63.0,nan,Soltero,97266.0,2.0,México,2022-12-05,13.6,4.4,Electrónica,sheila25@watts.net,31.0,,18367,Less meeting long.,1762.0,Bajo,0
C1420,Russell Washington,35.0,M,nan,162499.0,1.0,Chile,2021-12-15,16.1,9.3,Deportes,nathan79@nichols.com,1.0,,45195,Necessary look owner another appear smile project detail.,1455.0,Medio,1
C1421,Courtney Frazier,19.0,Otro,Viudo,110732.0,3.0,México,2025-04-14,0.2,4.8,Deportes,crystal02@blake.com,99.0,,24409,Push city suffer matter all.,1412.0,Bajo,0
C1422,Theresa Jimenez,71.0,M,Casado,37083.0,,Chile,2021-12-03,3.9,7.3,Hogar,shafferbarbara@richardson.com,9.0,0.0,95156,National foreign really others check marriage.,1583.0,Bajo,0
C1423,Jake Meyer,52.0,Otro,Divorciado,67372.0,1.0,México,2022-04-27,12.0,7.7,Ropa,thomascook@yahoo.com,1.0,1.0,70296,Less grow part one.,223.0,Medio,0
C1424,David Tucker,33.0,M,Casado,133786.0,1.0,Argentina,2024-07-10,2.6,6.1,Deportes,lauren29@hotmail.com,1.0,,39823,Dinner home water month.,2.0,Bajo,1
C1425,Jennifer Rogers,78.0,Otro,nan,185136.0,0.0,Argentina,2020-11-09,10.7,1.1,Hogar,jack78@gmail.com,23.0,,69235,Agreement employee physical easy.,371.0,Bajo,1
C1426,Derrick Aguilar,58.0,M,Soltero,17813.0,4.0,México,2023-09-14,8.6,2.1,Hogar,robert69@cooper-adkins.com,16.0,0.0,32410,Soldier responsibility learn least move Congress together.,1710.0,Alto,0
C1427,Claudia Munoz,53.0,nan,Soltero,41598.0,3.0,México,2021-06-07,13.5,8.2,Deportes,lozanolee@hotmail.com,31.0,,49169,Help similar couple.,1469.0,Premium,0
C1428,Anita Brown,50.0,F,Divorciado,103106.0,1.0,Argentina,2023-08-22,19.8,2.2,Electrónica,palmeramber@hotmail.com,15.0,0.0,69799,During economy me half.,610.0,Medio,1
C1429,Miguel Lewis,21.0,M,Soltero,37082.0,0.0,Chile,2024-01-17,12.2,5.6,Ropa,timothyharvey@yahoo.com,15.0,1.0,60307,Alone although various table.,115.0,Alto,1
C1430,Teresa Carroll,50.0,Otro,Soltero,39241.0,,Argentina,2024-12-15,6.2,7.6,Ropa,sanchezmaria@sweeney.biz,45.0,1.0,88632,Million region night center every tend war those.,1293.0,Premium,1
C1431,Alison Hood,31.0,nan,Divorciado,185641.0,2.0,Chile,2021-02-05,15.6,7.1,Electrónica,georgegardner@hotmail.com,38.0,,79035,Cause operation save network two should.,446.0,Premium,0
C1432,Jeremy Rios,38.0,M,Divorciado,21745.0,3.0,México,2023-05-31,6.0,5.2,Deportes,pblair@jones-anderson.com,,,62411,Effect school time down form new bad person.,1391.0,Premium,0
C1433,Terri Ramos,65.0,M,nan,36029.0,1.0,México,2022-03-06,13.0,9.4,Ropa,wdiaz@gmail.com,30.0,,19748,Specific maybe positive care school specific your.,1276.0,Alto,1
C1434,Barbara Carter,37.0,nan,Soltero,154097.0,4.0,Chile,2023-05-08,0.3,1.8,Deportes,joshua18@zimmerman.org,42.0,0.0,34943,Similar tax into card music.,1340.0,Alto,0
C1435,Kurt Palmer,73.0,M,Soltero,133395.0,0.0,México,2023-02-21,7.5,7.8,Deportes,erinfrazier@yahoo.com,23.0,,97545,At hair wind everyone want improve their international.,414.0,Premium,1
C1436,Richard Mitchell,,F,nan,155360.0,1.0,Chile,2024-03-15,13.9,7.7,Hogar,nicolemckay@flores-taylor.com,0.0,,64683,Show wall onto high.,1118.0,Bajo,1
C1437,Jessica Olsen,25.0,M,Viudo,99186.0,4.0,Colombia,2022-05-30,4.5,6.2,Electrónica,qcrane@gmail.com,10.0,1.0,86125,Note event again major half provide.,1808.0,Bajo,1
C1438,Joy Trujillo,24.0,F,Viudo,147612.0,1.0,Argentina,2023-07-06,14.2,6.8,Deportes,christopherstone@hernandez.info,20.0,,85988,Region western bank stock matter finish live.,891.0,Alto,0
C1439,Mrs. Susan Mayo,20.0,F,Viudo,107768.0,3.0,Colombia,2021-08-17,18.5,5.0,Belleza,hsharp@hotmail.com,3.0,1.0,74003,Cup support value reveal.,1047.0,Alto,1
C1440,Jeffrey Reyes,34.0,nan,nan,51846.0,3.0,Chile,2024-05-08,6.8,2.7,Electrónica,patricksimon@gmail.com,6.0,,65522,Consider test fine interview Congress happen author.,1651.0,Alto,1
C1441,Christine Hernandez,,M,Soltero,85932.0,3.0,Argentina,2021-06-25,19.6,5.3,Ropa,gabriel26@walter.com,25.0,1.0,50771,On early relate about.,662.0,Premium,0
C1442,Rebecca Welch,50.0,nan,nan,158554.0,,Chile,2020-10-07,17.1,5.7,Hogar,erica12@haas.net,46.0,,70542,Thing phone make catch least pattern gun.,1073.0,Bajo,1
C1443,Michael Wilson,65.0,M,nan,33411.0,,Argentina,2021-02-16,13.0,5.8,Ropa,christopherwhite@gonzalez-ali.com,49.0,1.0,19216,Economy product recognize leg war state audience.,1525.0,Alto,0
C1444,Dylan Lloyd,29.0,M,Viudo,192047.0,0.0,Argentina,2023-11-05,2.6,2.0,Ropa,charlene00@phillips.info,11.0,0.0,52165,Win wide space for former body later.,717.0,Alto,1
C1445,Michelle Evans,76.0,Otro,Casado,88797.0,3.0,Argentina,2020-12-11,14.4,2.1,Electrónica,oconnellthomas@lawrence-pena.com,30.0,1.0,03933,Without anyone center hope.,1521.0,Medio,0
C1446,Carla Mcconnell,68.0,M,Soltero,62307.0,4.0,Argentina,2024-08-14,12.1,1.3,Ropa,barkerstefanie@turner.biz,16.0,1.0,05748,Say to view would sound majority.,1358.0,Premium,1
C1447,Logan Stone,39.0,nan,Viudo,144165.0,1.0,Chile,2021-06-23,5.7,3.2,Deportes,uroach@gmail.com,32.0,1.0,59900,Focus space present board his receive.,1102.0,Medio,1
C1448,Karen Allen,72.0,F,Casado,32042.0,2.0,Argentina,2021-05-13,18.6,1.9,Ropa,jackie73@campbell.com,10.0,,12198,Fall argue public do still.,1605.0,Bajo,1
C1449,Lisa Harding,39.0,M,Casado,62930.0,4.0,Argentina,2021-02-12,1.7,9.0,Hogar,owensanthony@blake.com,27.0,,45270,Again hospital life claim.,1050.0,Medio,1
C1450,Joseph Ramirez,63.0,Otro,Divorciado,185485.0,,Colombia,2024-06-24,4.2,9.5,Hogar,kaitlinkoch@alvarez-ingram.biz,31.0,,49644,Central year dark entire goal rate.,270.0,Medio,1
C1451,Catherine Berry,47.0,nan,Soltero,107883.0,,México,2020-09-18,4.4,6.4,Belleza,brownkristina@smith-garza.info,0.0,0.0,50915,Himself center model around statement gas.,561.0,Medio,0
C1452,Melissa Martin,55.0,M,Casado,43756.0,4.0,México,2022-02-22,19.8,0.6,Hogar,hartjustin@gmail.com,46.0,0.0,95838,Smile your pass anyone father.,803.0,Premium,0
C1453,Brianna Bush,55.0,nan,Viudo,63268.0,,Colombia,2021-10-05,19.9,7.1,Ropa,thomas78@gmail.com,27.0,1.0,65106,Ask avoid daughter expect.,246.0,Bajo,1
C1454,Shane Matthews,62.0,Otro,Divorciado,180286.0,3.0,Colombia,2024-01-28,18.1,3.4,Hogar,moraleslori@yahoo.com,,0.0,74674,Though safe really history.,1799.0,Medio,1
C1455,Lauren Thornton,68.0,Otro,Soltero,169674.0,0.0,Chile,2022-12-15,11.3,2.5,Electrónica,iangill@gonzalez.com,41.0,1.0,20706,Physical low seek customer year.,1614.0,Premium,1
C1456,Darryl Ramirez,71.0,nan,nan,194403.0,1.0,Chile,2023-01-27,11.0,2.0,Hogar,tuckerrachel@gmail.com,6.0,1.0,99623,Around against American others would similar option impact.,386.0,Bajo,0
C1457,Roy Riley,25.0,M,Viudo,58901.0,0.0,Chile,2024-07-05,17.1,3.0,Deportes,melissa51@hall.com,1.0,1.0,93061,Could over full commercial believe task sport activity.,701.0,Alto,0
C1458,George Garner,44.0,F,Casado,109986.0,1.0,Colombia,2023-08-08,16.0,4.5,Electrónica,emily48@norris.info,41.0,0.0,01552,What suggest item four international.,558.0,Medio,1
C1459,John Andrade,44.0,Otro,Casado,173268.0,1.0,Colombia,2024-07-15,11.2,0.6,Belleza,stanleygarcia@henry.net,23.0,,92317,Similar international other feel who.,972.0,Bajo,0
C1460,Stephanie Nixon,51.0,M,Viudo,138386.0,0.0,Argentina,2023-08-07,14.8,5.4,Deportes,anthonyhorton@taylor.info,3.0,0.0,69566,Himself such phone act suddenly soon.,1384.0,Medio,1
C1461,Mark Byrd,38.0,M,Casado,15626.0,4.0,Chile,2020-07-29,11.2,0.1,Ropa,sherylshaw@hotmail.com,43.0,1.0,59669,Send rate another dream act.,983.0,Alto,1
C1462,Sarah Morgan,47.0,F,Divorciado,148496.0,1.0,Chile,2024-04-25,7.4,5.6,Ropa,emma92@houston.net,18.0,1.0,31836,Necessary job you.,1511.0,Bajo,1
C1463,Kayla Williams,50.0,Otro,Soltero,22857.0,0.0,Chile,2023-07-03,13.3,0.0,Ropa,joseph16@hotmail.com,25.0,0.0,61957,You scene including election.,351.0,Premium,0
C1464,Chase Lopez,45.0,Otro,Divorciado,161054.0,1.0,México,2020-06-15,19.6,7.3,Deportes,gutierrezpatricia@shields-powell.com,10.0,1.0,19449,Check meeting third able sit this consumer.,1724.0,Bajo,1
C1465,Cameron Green,64.0,M,Casado,143052.0,2.0,Argentina,2023-08-06,11.2,1.4,Deportes,john87@reed.com,39.0,1.0,54600,Heavy too country.,1279.0,Premium,1
C1466,Mary Herrera,,M,nan,189362.0,4.0,Chile,2025-04-28,19.9,2.5,Deportes,lhill@gmail.com,49.0,0.0,01372,Worker trial clearly article their.,1245.0,Bajo,1
C1467,Gina Vaughn,50.0,F,Soltero,36431.0,3.0,Chile,2022-05-02,1.7,8.7,Electrónica,clarkandrea@gmail.com,42.0,0.0,33364,Wonder thank under to today hard.,752.0,Premium,0
C1468,Rebecca Hernandez DVM,22.0,F,Soltero,94976.0,1.0,Chile,2021-05-09,17.5,4.8,Electrónica,frobinson@thomas.com,10.0,0.0,10057,American sense far move word.,780.0,Alto,0
C1469,Daniel Shaw,77.0,Otro,Viudo,92711.0,2.0,México,2025-02-15,9.9,7.3,Ropa,vhansen@yahoo.com,44.0,1.0,95430,Some instead baby you institution charge agreement travel.,1024.0,Alto,0
C1470,Michael Wilson,78.0,nan,Viudo,36385.0,3.0,México,2023-12-01,1.1,6.9,Hogar,gwells@yahoo.com,2.0,1.0,58777,And inside area only manage about when.,545.0,Alto,1
C1471,James Camacho,65.0,Otro,nan,179230.0,3.0,Colombia,2025-03-30,2.6,0.3,Ropa,royleslie@gmail.com,11.0,,41374,Image glass name color conference president threat figure.,1469.0,Bajo,0
C1472,Steven Gonzalez,36.0,M,Soltero,164091.0,1.0,Argentina,2023-06-17,10.4,3.9,Belleza,catherine96@jackson.info,2.0,,62107,Out would machine himself loss evidence national.,78.0,Alto,1
C1473,Joshua Brown,21.0,Otro,nan,28639.0,0.0,Colombia,2023-07-09,5.2,3.1,Electrónica,mary64@carter.com,41.0,0.0,36160,Nice prepare huge difficult because should.,1259.0,Medio,0
C1474,Jonathan Simon,52.0,nan,Viudo,95530.0,1.0,Argentina,2020-05-31,6.8,8.4,Deportes,christina34@villarreal-ward.net,26.0,,57894,Difficult although series factor message.,333.0,Alto,1
C1475,Dr. Mark Robbins,,F,Viudo,31563.0,2.0,México,2023-10-02,11.2,3.1,Electrónica,laurennorris@gmail.com,48.0,1.0,60562,Support research movie turn mouth.,888.0,Premium,0
C1476,William Maldonado,66.0,nan,Soltero,180413.0,3.0,Chile,2022-11-25,17.9,7.9,Deportes,sparks@hotmail.com,1.0,,23771,Husband door have medical although.,1372.0,Premium,1
C1477,Randy Harrington,,nan,Divorciado,125672.0,1.0,Colombia,2022-04-15,13.0,9.6,Belleza,joelopez@hotmail.com,48.0,1.0,77488,She teach tough.,1121.0,Premium,0
C1478,Kimberly Benjamin,34.0,nan,Casado,146848.0,0.0,Chile,2021-07-18,14.7,1.2,Belleza,wproctor@gmail.com,15.0,0.0,83649,Event alone free really design impact right movement.,1105.0,Bajo,0
C1479,Tyler Johnson,61.0,F,Viudo,177516.0,1.0,Colombia,2024-03-08,15.8,9.5,Electrónica,hartjose@conley.info,1.0,0.0,28602,Life draw challenge pressure girl tonight alone citizen.,501.0,Medio,0
C1480,Michael Pittman MD,45.0,nan,Viudo,149783.0,4.0,México,2023-01-10,15.1,5.6,Deportes,mullinsvictoria@yahoo.com,29.0,1.0,35632,Later according easy idea present sound control.,1500.0,Alto,1
C1481,Jesus Paul,47.0,nan,Divorciado,92970.0,0.0,México,2021-12-16,6.3,1.2,Belleza,hoffmantaylor@smith.biz,19.0,,67912,Power scientist stage speech.,1727.0,Medio,0
C1482,Joshua Carroll,46.0,nan,Divorciado,95553.0,2.0,México,2024-10-03,15.4,3.3,Ropa,nicholsedward@rogers.net,37.0,0.0,66243,Leave year pass figure place meet.,764.0,Medio,0
C1483,Deborah Meyer,63.0,M,nan,171779.0,3.0,Colombia,2025-01-30,12.7,8.6,Ropa,yvettedickerson@yahoo.com,27.0,0.0,20436,Part he should mother group.,920.0,Premium,0
C1484,David Davis,70.0,nan,nan,180182.0,1.0,Argentina,2023-12-17,5.4,2.7,Deportes,tcummings@long.info,24.0,,19377,Front administration wish outside every.,549.0,Premium,0
C1485,Belinda Dalton,23.0,F,Casado,92879.0,0.0,Colombia,2021-10-14,8.1,0.3,Electrónica,angela90@hotmail.com,31.0,,25876,Speech expert study item natural.,13.0,Premium,1
C1486,Teresa Reyes,52.0,nan,Casado,179899.0,4.0,Argentina,2021-04-21,15.2,2.1,Belleza,rdavis@yahoo.com,9.0,1.0,46152,Open war create manage without degree rich.,391.0,Bajo,0
C1487,Thomas Garrett,77.0,nan,Soltero,146727.0,0.0,Colombia,2022-03-29,7.8,0.0,Electrónica,kanejennifer@yahoo.com,41.0,,36467,Ready prepare vote although into.,1370.0,Medio,1
C1488,Chad Howe,58.0,F,nan,54859.0,,Colombia,2021-05-17,3.3,9.9,Ropa,woodmichael@gmail.com,39.0,,26524,Less do front by if any class push.,309.0,Medio,1
C1489,Jane Pittman,54.0,nan,Viudo,194697.0,4.0,México,2023-11-22,12.5,0.7,Belleza,amandayoung@khan.org,32.0,,37135,Wide spend always chair guess eye deal shake.,385.0,Bajo,1
C1490,Michael Kim,41.0,F,nan,62098.0,2.0,Chile,2022-12-29,16.2,7.7,Electrónica,evanjohnson@hotmail.com,12.0,1.0,24396,Serve want society right science.,1232.0,Bajo,1
C1491,Ana Howard,46.0,nan,Viudo,156323.0,3.0,Chile,2022-12-25,3.2,4.3,Hogar,lisa04@hotmail.com,40.0,1.0,92204,May fact election follow certain little let.,1380.0,Bajo,0
C1492,Joshua Thomas,66.0,F,Divorciado,132413.0,2.0,Argentina,2021-06-20,9.6,2.5,Deportes,robertrandall@reilly.com,41.0,0.0,27006,General section customer.,973.0,Medio,1
C1493,Devin Miller,63.0,nan,nan,10526.0,1.0,Chile,2023-11-06,2.6,6.9,Deportes,whiteheadjoshua@yahoo.com,46.0,1.0,28769,Such measure field material bank everything.,1624.0,Medio,1
C1494,Matthew Taylor,70.0,nan,Divorciado,78760.0,0.0,Colombia,2022-09-14,0.4,3.3,Hogar,andersenalexandria@zhang-foster.info,36.0,0.0,59619,Themselves art line cup water continue finish service.,1591.0,Premium,1
C1495,Andrew Bartlett,48.0,M,Casado,57837.0,,Colombia,2024-08-24,13.5,9.6,Ropa,katelynvazquez@moran-davis.com,15.0,,22155,Program use majority such I.,1117.0,Premium,1
C1496,Bryan Hall,52.0,M,Casado,21536.0,4.0,México,2021-08-08,0.9,7.5,Belleza,patriciaadams@hotmail.com,44.0,0.0,34795,Production not popular need look see Mrs.,1116.0,Medio,0
C1497,Steve Mcdonald,77.0,nan,Soltero,38541.0,4.0,México,2024-06-05,11.5,10.0,Deportes,ehunter@hickman.com,21.0,0.0,63998,Price measure particularly enough.,339.0,Premium,0
C1498,Tonya Rush,50.0,nan,nan,89083.0,0.0,Chile,2022-07-10,2.6,7.8,Hogar,holmesrobert@hale.info,19.0,,98404,Cover sister media light good cover.,596.0,Bajo,1
C1499,Manuel Mills,69.0,Otro,Divorciado,192099.0,,Argentina,2020-09-09,17.4,1.6,Hogar,sherri96@hotmail.com,49.0,0.0,81533,Like rather bring region indicate watch.,1468.0,Alto,1
