Edad,Ingreso_anual,Número_hijos,Frecuencia_compra,Calificación_satisfacción,Descuento_promedio,Activo,Código_postal,Comentarios_cliente,Días_desde_última_compra,Rango_crediticio,Comprará_de_nuevo,Género_M,Género_Otro,Estado_civil_Divorciado,Estado_civil_Soltero,Estado_civil_Viudo,País_Chile,País_Colombia,País_México,Producto_frecuente_Deportes,Producto_frecuente_Electrónica,Producto_frecuente_Hogar,Producto_frecuente_Ropa
56.0,0.08058450155691313,3.0,7.5,4.7,0.6993581747700149,7.5,10223.0,Eat care even treatment also whether camera.,428.0,0.0,1.0,False,True,False,True,False,False,False,True,False,False,True,False
69.0,0.8679468790736389,0.0,12.1,0.2,1.2521429119985958,12.1,41752.0,Require alone back close may worker of goal.,1292.0,1.0,1.0,True,False,False,True,False,False,True,False,False,True,False,False
46.0,-0.06913895297329756,1.0,18.1,9.4,-0.9589960369157277,18.1,38085.0,Source difficult think girl group.,1732.0,2.0,1.0,True,False,False,True,False,True,False,False,False,False,False,False
32.0,0.07558219928552351,0.0,11.5,1.9,-0.12981893107285633,11.5,72994.0,Lead rock grow money story case.,1560.0,0.0,1.0,False,True,False,True,False,False,False,False,False,False,True,False
60.0,0.31883961119568116,3.0,8.0,8.0,4.0160665981415,8.0,79120.0,Receive number pass people gun.,147.0,3.0,1.0,False,True,True,False,False,False,False,False,False,False,False,True
25.0,-1.530138639640466,1.0,3.6,8.1,1.1968644382757376,3.6,7398.0,Face because next.,1141.0,1.0,0.0,True,False,False,True,False,False,False,True,True,False,False,False
78.0,1.1992630011503316,1.0,17.4,1.8,-1.0695529843614437,17.4,1917.0,Happy go agreement whole walk.,849.0,1.0,0.0,False,True,True,False,False,False,True,False,False,False,False,True
38.0,0.6118471929685683,4.0,12.9,4.0,-0.9037175631928696,12.9,4489.0,Treat year painting win.,366.0,3.0,1.0,False,True,False,True,False,False,False,False,True,False,False,False
56.0,0.23249077889645747,4.0,7.8,9.8,-1.2353884055300182,7.8,7194.0,Maintain nothing claim feel coach any even.,849.0,0.0,0.0,False,True,False,True,False,False,True,False,False,False,True,False
75.0,0.5740479779869405,1.0,9.2,2.0,0.9757505433843053,9.2,79343.0,Figure research win accept offer professor subject.,1089.0,2.0,1.0,False,False,False,False,True,False,True,False,False,True,False,False
36.0,0.7174230561800059,2.0,0.4,9.0,0.0,0.4,69951.0,Look since alone reduce street thus.,812.0,0.0,1.0,True,False,False,True,False,False,False,True,False,False,False,True
40.0,0.39944034343032625,4.0,11.5,3.0,0.5335227536014406,11.5,19367.0,Yes among bar fire standard.,1393.0,3.0,1.0,False,False,False,False,False,False,False,False,False,False,False,True
28.0,0.3927645436717808,0.0,13.9,7.2,0.9757505433843053,13.9,54095.0,Hotel serve picture hard stay thousand.,174.0,1.0,0.0,False,True,False,False,True,False,False,True,False,False,False,True
28.0,0.911839807731323,4.0,4.3,2.4,0.5888012273242987,4.3,34234.0,Nice board hot expect.,587.0,2.0,0.0,False,False,False,True,False,False,False,True,True,False,False,False
41.0,1.1338328874405554,1.0,10.4,9.0,0.091294963818576,10.4,95888.0,Story computer every course eight police old.,494.0,1.0,1.0,False,False,False,True,False,False,False,False,False,False,True,False
70.0,1.418927736529608,1.0,9.2,0.5,-1.2353884055300182,9.2,73514.0,Day level already than.,972.0,3.0,0.0,False,True,False,False,False,False,False,False,False,False,False,True
53.0,1.466895267764715,1.0,16.9,4.0,-1.0142745106385858,16.9,38483.0,Race politics decade.,1137.0,0.0,0.0,False,True,False,False,False,True,False,False,False,False,False,True
57.0,-1.4488830605630207,1.0,14.0,10.0,1.1415859645528796,14.0,10665.0,Conference others include.,1134.0,2.0,1.0,False,False,False,False,False,True,False,False,False,True,False,False
41.0,-0.5652218167745253,1.0,5.1,3.5,-1.4012238266985924,5.1,80027.0,Though science hot series once during.,1784.0,1.0,0.0,False,True,False,False,True,False,True,False,False,True,False,False
20.0,-0.156833859338277,2.0,1.1,1.6,-1.4565023004214503,1.1,87837.0,Ahead fish deep yet really.,1462.0,1.0,0.0,False,False,False,True,False,False,False,False,False,False,True,False
39.0,1.2725148965935533,4.0,6.8,1.5,0.6993581747700149,6.8,23446.0,Life beyond voice fear shake way.,1738.0,1.0,1.0,False,True,False,True,False,True,False,False,False,False,True,False
70.0,1.5330166086974468,0.0,0.5,1.5,1.3074213857214538,0.5,7143.0,Whatever participant in they could affect rise write.,1170.0,0.0,1.0,False,True,False,True,False,False,True,False,False,False,False,False
19.0,1.1075298725880849,0.0,8.8,5.5,0.1465734375414341,8.8,67699.0,Time way affect act fire sit.,34.0,2.0,0.0,False,False,False,True,False,False,True,False,False,True,False,False
41.0,-1.1416325599592314,3.0,17.8,3.2,-0.9037175631928696,17.8,60208.0,Mr democratic recently necessary oil.,998.0,0.0,1.0,False,True,False,False,False,False,True,False,False,False,False,False
61.0,-1.2889367192090975,1.0,19.4,0.7,0.03601649009571791,19.4,17316.0,Drive blue at rate our participant.,1332.0,0.0,0.0,False,False,False,True,False,True,False,False,True,False,False,False
47.0,-1.74883929494562,0.0,6.4,8.5,0.9204720696614472,6.4,88891.0,Property notice success interview change.,537.0,0.0,1.0,False,True,False,False,True,False,False,False,False,False,False,False
55.0,-1.1523102015348887,2.0,19.3,6.8,-0.8484390894700115,19.3,37098.0,Every plan front car.,749.0,3.0,1.0,False,True,False,True,False,False,False,True,False,False,False,True
19.0,0.016245799251803757,1.0,12.1,6.1,0.6440797010471568,12.1,39212.0,From collection upon else board certainly.,1037.0,3.0,1.0,False,False,False,False,False,False,True,False,False,False,False,False
49.87318087318087,-0.6901520422287213,2.0,5.9,2.4,-0.07454045734999826,5.9,34491.0,Drop wonder either really picture.,373.0,3.0,1.0,False,False,False,True,False,True,False,False,False,False,True,False
77.0,-1.3635892592883083,0.0,16.1,5.5,-0.7931606157471534,16.1,42122.0,State recognize kid by season social model.,556.0,2.0,0.0,False,False,False,False,True,True,False,False,True,False,False,False
38.0,-0.7946546842255698,0.0,10.7,8.0,-1.0695529843614437,10.7,86787.0,Five special bed dog.,1451.0,0.0,1.0,True,False,False,False,True,False,False,True,False,False,False,True
50.0,0.910275451384634,3.0,12.9,5.0,0.03601649009571791,12.9,68545.0,Decade his vote major fight machine.,1751.0,0.0,1.0,False,True,False,True,False,False,False,True,False,False,False,False
29.0,0.5742116896976406,0.0,12.0,8.2,0.1465734375414341,12.0,16760.0,Add financial picture daughter charge.,232.0,3.0,1.0,True,False,False,True,False,True,False,False,True,False,False,False
75.0,-0.8553371583250454,1.0,19.6,9.5,-1.0142745106385858,19.6,72946.0,Course tough wonder program cup share impact drive.,704.0,0.0,0.0,True,False,False,True,False,False,False,False,True,False,False,False
39.0,0.32786194547426023,1.0,8.7,5.1,0.6440797010471568,8.7,45554.0,Few trade summer really join.,562.0,0.0,0.0,False,True,False,False,False,False,False,True,False,False,False,True
78.0,-0.7777014270730785,1.0,7.4,2.7,0.20185191126429217,7.4,58698.0,True all section continue myself final believe.,938.0,1.0,1.0,False,False,False,True,False,True,False,False,False,False,False,False
61.0,0.5086542446573199,3.0,18.9,4.3,-0.3509328259642887,18.9,68781.0,Participant quite leader other strong.,886.0,0.0,1.0,False,True,False,False,True,False,False,True,True,False,False,False
42.0,-0.43989140713861824,3.0,16.5,1.4,1.0863074908300216,16.5,64186.0,Enter suffer assume wide decade we world.,725.0,1.0,1.0,False,True,False,True,False,False,False,False,True,False,False,False
66.0,-0.3041562087782207,0.0,9.8,6.7,0.36768733243286644,9.8,63048.0,Policy point onto.,1686.0,0.0,1.0,True,False,False,True,False,False,True,False,False,True,False,False
44.0,-0.7745727143797003,1.0,3.6,8.4,0.20185191126429217,3.6,34210.0,Detail decade because Congress toward.,1463.0,2.0,1.0,False,False,True,False,False,False,False,True,True,False,False,False
76.0,-0.6811660883302978,1.0,3.9,6.9,4.0160665981415,3.9,13150.0,Other discover ahead soldier I professional nearly.,1525.0,3.0,1.0,False,True,False,True,False,False,False,False,False,True,False,False
49.87318087318087,,1.0,,4.986150712830957,0.0,9.92642276422764,,,,1.0,,False,True,False,True,False,False,False,False,False,False,False,False
59.0,1.632407807282439,0.0,9.0,3.6,-0.8484390894700115,9.0,49326.0,Member product middle wife eight.,75.0,3.0,1.0,False,True,False,True,False,False,False,True,False,False,False,False
49.87318087318087,-1.219868567483765,1.0,18.2,7.7,-1.4565023004214503,18.2,29199.0,Even economic wear PM share support seek.,438.0,1.0,1.0,False,False,False,False,True,False,False,True,False,False,False,False
45.0,1.07347783676248,0.0,4.7,0.6,-0.2956543522414306,4.7,85821.0,Politics tell kid subject learn ask.,1755.0,1.0,1.0,True,False,False,True,False,True,False,False,False,False,True,False
77.0,1.3153164138465707,0.0,12.3,5.6,0.6993581747700149,12.3,98306.0,Girl less natural arrive.,698.0,1.0,1.0,False,True,False,True,False,False,True,False,False,False,False,False
33.0,0.992040355784257,0.0,8.0,0.3,0.5335227536014406,8.0,60812.0,After only everyone care forward.,1312.0,2.0,1.0,True,False,False,True,False,True,False,False,True,False,False,False
32.0,0.4204500129701626,4.0,0.9,9.9,1.0863074908300216,0.9,40332.0,Care what even push stop plan drive material.,914.0,0.0,1.0,False,True,False,True,False,False,False,True,False,False,False,True
79.0,0.5395593775994688,1.0,4.4,2.0,-1.4565023004214503,4.4,82290.0,Herself environment majority for close bill.,1563.0,1.0,0.0,False,False,False,False,False,True,False,False,False,True,False,False
79.0,-1.7661381657095891,0.0,17.5,1.3,-1.4565023004214503,17.5,80375.0,Rather billion share yes eat economic amount.,890.0,2.0,0.0,False,True,False,False,False,False,False,False,False,False,True,False
64.0,-0.9087617465834865,4.0,15.3,4.5,0.8099151222157311,15.3,89344.0,Camera newspaper begin late ask personal late real.,691.0,1.0,0.0,True,False,False,False,True,True,False,False,False,False,False,False
79.0,-1.0533191871316074,3.0,19.6,3.8,0.8099151222157311,19.6,82331.0,Act travel past stage mother purpose third.,252.0,0.0,0.0,False,True,False,True,False,False,False,True,False,False,False,False
68.0,-1.4914117249648713,1.0,8.8,2.8,-0.3509328259642887,8.8,32036.0,Special data station movie.,1149.0,1.0,0.0,True,False,False,True,False,True,False,False,False,False,False,True
61.0,-0.8638319770913688,1.0,7.7,0.0,-0.6826036683014371,7.7,28156.0,Lose their assume everything enter already reason.,1200.0,2.0,0.0,False,True,False,True,False,False,True,False,False,False,False,True
72.0,-0.31892664312137836,1.0,1.6,7.6,-0.5720467208557211,1.6,24125.0,Remember professional cup write reason contain.,1060.0,0.0,1.0,True,False,False,True,False,True,False,False,False,False,True,False
69.0,-1.2608146853488489,1.0,17.9,1.3,-0.2956543522414306,17.9,4976.0,Become as throw seem cold employee win.,409.0,2.0,1.0,False,True,False,False,True,False,True,False,False,True,False,False
49.87318087318087,-1.718097873714171,1.0,0.7,3.7,0.5888012273242987,0.7,57527.0,Still phone type ground support.,1634.0,0.0,1.0,False,True,False,True,False,False,False,False,False,False,False,False
74.0,1.440392160821389,1.0,17.4,8.3,0.4229658061557245,17.4,67352.0,Stuff area field indeed.,1633.0,0.0,1.0,False,False,False,True,False,False,True,False,False,False,True,False
20.0,-0.9238959847281998,1.0,1.7,3.3,0.9757505433843053,1.7,50762.0,Throughout baby account imagine minute nation operation.,126.0,3.0,1.0,False,True,True,False,False,True,False,False,True,False,False,False
54.0,-0.44625797366584136,1.0,19.8,3.0,-0.6273251945785792,19.8,3499.0,That land begin expect training.,1506.0,3.0,1.0,False,False,False,True,False,False,False,True,True,False,False,False
68.0,0.800752316926318,1.0,0.6,8.8,-1.0695529843614437,0.6,71373.0,Shoulder able practice perhaps practice necessary.,1191.0,3.0,0.0,False,True,False,True,False,False,True,False,False,False,True,False
24.0,-1.1455798312061098,1.0,1.0,2.2,1.0863074908300216,1.0,51007.0,Trial often quality direction.,591.0,0.0,1.0,False,True,False,False,False,False,False,False,False,False,False,False
38.0,0.047605686945897216,3.0,5.7,6.3,-0.5720467208557211,5.7,56822.0,Behavior laugh necessary leave more.,293.0,1.0,0.0,False,True,True,False,False,False,True,False,False,False,True,False
26.0,-0.16647466007950062,0.0,18.0,0.7,-0.5720467208557211,18.0,78193.0,Power space box like quality fund subject.,1661.0,2.0,0.0,False,True,False,False,False,False,True,False,False,False,False,False
56.0,1.1228823930137315,2.0,10.9,1.0,-0.07454045734999826,10.9,97666.0,Easy left player morning training.,1366.0,2.0,1.0,False,True,False,False,False,False,True,False,False,False,False,True
35.0,1.2506502881200612,4.0,14.8,2.0,-0.7931606157471534,14.8,7033.0,Most travel reflect establish pattern.,1019.0,2.0,1.0,False,False,False,False,False,False,False,False,False,False,True,False
21.0,0.5431610352348694,2.0,11.5,0.6,-0.5720467208557211,11.5,48932.0,Reach about across answer Democrat guy relate.,309.0,3.0,1.0,False,False,False,False,True,True,False,False,False,False,False,False
42.0,0.048315104358930654,2.0,3.6,1.6,0.5888012273242987,3.6,39562.0,Husband quite able laugh.,661.0,0.0,1.0,False,True,False,False,True,False,True,False,False,False,True,False
77.0,-1.0915185862949464,1.0,2.0,8.2,-0.5720467208557211,2.0,29568.0,Happy decade hospital.,527.0,3.0,1.0,False,True,False,False,False,False,True,False,False,False,True,False
31.0,0.9387430988563603,0.0,8.6,7.8,1.1415859645528796,8.6,70136.0,Pressure decision full five cover citizen.,539.0,1.0,1.0,False,True,True,False,False,False,False,True,False,False,False,False
67.0,-1.4105199496889818,1.0,0.7,2.2,-0.7378821420242953,0.7,80101.0,Area that attention rock anyone business improve.,418.0,0.0,1.0,False,False,False,True,False,False,False,False,False,False,False,False
75.0,-1.5854550076669962,0.0,5.7,9.1,0.9757505433843053,5.7,17430.0,Baby example cup recent find how what young.,443.0,2.0,0.0,False,True,True,False,False,False,True,False,False,True,False,False
26.0,-0.8265420874319189,0.0,6.5,8.2,-1.18010993180716,6.5,83638.0,Forward computer hit quite compare include.,684.0,3.0,1.0,True,False,False,True,False,False,False,False,False,False,True,False
43.0,-0.7498522460639967,1.0,16.0,9.4,0.4229658061557245,16.0,11443.0,Land idea relate mission.,1581.0,3.0,1.0,False,False,False,False,True,False,True,False,True,False,False,False
70.0,1.5526983943616053,3.0,10.1,2.2,1.0310290171071634,10.1,79171.0,Walk mouth top article assume avoid.,839.0,1.0,0.0,False,True,False,True,False,True,False,False,False,False,True,False
19.0,-0.16581981323670053,1.0,4.7,0.4,-0.7378821420242953,4.7,66658.0,Main catch allow everybody.,235.0,1.0,1.0,False,False,False,True,False,True,False,False,False,False,True,False
37.0,1.039007426565086,3.0,3.0,5.5,1.0863074908300216,3.0,38431.0,Care break where education result federal partner.,1462.0,3.0,1.0,True,False,False,True,False,False,True,False,False,False,False,False
45.0,-1.5947138144165864,1.0,7.5,5.6,-1.0695529843614437,7.5,30628.0,Feeling choose blue financial fly performance task.,213.0,1.0,0.0,False,False,False,True,False,True,False,False,False,False,True,False
64.0,0.3148013889984139,3.0,17.4,9.5,-0.6826036683014371,17.4,35267.0,Large time beat language have.,84.0,2.0,1.0,False,False,False,False,False,False,True,False,False,False,True,False
77.0,1.1118955182067523,1.0,14.1,6.0,-0.019261983627140173,14.1,46813.0,Lead training together fill.,793.0,1.0,1.0,False,False,False,False,True,True,False,False,True,False,False,False
24.0,1.5581554513849394,2.0,6.8,0.1,-0.7931606157471534,6.8,22587.0,Both only significant certainly.,1767.0,1.0,1.0,False,False,False,False,True,False,False,True,False,False,False,False
61.0,1.009684840159704,2.0,14.2,9.3,1.1968644382757376,14.2,11281.0,Approach recent about heart force office other name.,84.0,3.0,1.0,True,False,True,False,False,False,False,True,False,False,True,False
78.0,-1.7073656615682806,3.0,15.0,0.4,0.20185191126429217,15.0,41621.0,Education choice form could month former.,1512.0,3.0,1.0,False,True,False,False,False,False,False,True,False,False,False,True
25.0,0.4035513263879046,3.0,2.6,1.2,0.0,2.6,8382.0,Edge music industry type main.,64.0,0.0,1.0,False,False,False,False,False,False,False,False,False,True,False,False
64.0,0.9849825620340782,1.0,14.6,5.2,0.4229658061557245,14.6,99433.0,Kitchen provide war nearly finally position news.,1669.0,0.0,0.0,False,False,False,False,False,False,False,False,True,False,False,False
52.0,-0.7200749049066701,1.0,14.7,1.7,-1.18010993180716,14.7,56823.0,Of form around get bit admit see.,662.0,3.0,1.0,False,True,False,False,False,False,False,True,False,False,True,False
31.0,0.28040373956133113,1.0,6.4,8.8,-1.2353884055300182,6.4,1015.0,Who nothing right democratic expert social.,626.0,1.0,1.0,False,False,False,False,True,False,False,False,False,False,False,True
34.0,1.1704315498770497,1.0,2.6,7.6,-0.2956543522414306,2.6,19713.0,Maybe realize word final actually bad.,63.0,1.0,0.0,False,True,False,False,True,True,False,False,False,False,True,False
53.0,0.8768964525919068,2.0,4.5,1.0,1.1968644382757376,4.5,78838.0,Wonder particular her throughout if top thank adult.,1366.0,0.0,0.0,False,True,False,False,False,False,True,False,False,False,True,False
67.0,0.8089015220811636,0.0,4.7,2.5,-0.2403758785185725,4.7,32327.0,Join difficult pressure picture staff pass break.,938.0,0.0,1.0,True,False,True,False,False,False,True,False,False,False,False,False
57.0,0.4197224053670514,3.0,14.8,9.7,-0.12981893107285633,14.8,30560.0,Score spend listen yet today international.,918.0,0.0,0.0,True,False,False,True,False,False,True,False,False,False,False,False
21.0,1.0262015327503287,1.0,18.1,9.5,0.36768733243286644,18.1,82168.0,Body trade determine kid beyond do.,1375.0,2.0,1.0,False,True,False,True,False,False,False,True,False,False,False,False
19.0,1.414780373191874,1.0,19.6,6.3,-0.07454045734999826,19.6,48048.0,Win rather now course two away notice.,1181.0,2.0,1.0,True,False,True,False,False,False,False,False,False,False,False,True
79.0,-1.0882261618908682,2.0,15.6,2.1,1.0863074908300216,15.6,80430.0,Third before perform stuff why thousand.,1612.0,0.0,0.0,False,True,False,False,False,True,False,False,False,False,True,False
23.0,-0.5947808756509185,1.0,7.4,0.1,-1.2353884055300182,7.4,71688.0,Raise PM road production.,490.0,1.0,1.0,False,True,False,False,True,True,False,False,False,True,False,False
71.0,1.4490506912984125,1.0,14.8,8.0,-0.07454045734999826,14.8,83539.0,Bag whole sister go serious.,1681.0,0.0,1.0,False,True,False,True,False,False,False,True,True,False,False,False
59.0,1.1874211874096965,3.0,6.8,8.4,-0.40621129968714675,6.8,695.0,Large media situation author within.,1486.0,2.0,0.0,True,False,False,True,False,True,False,False,False,False,False,False
21.0,0.6163037895376244,3.0,16.3,7.6,-1.18010993180716,16.3,79740.0,Building meeting partner country adult final.,1248.0,1.0,0.0,False,True,False,True,False,True,False,False,False,False,False,False
71.0,0.031088994355272587,4.0,12.7,0.2,-1.18010993180716,12.7,33973.0,Ahead matter player least free education.,312.0,2.0,0.0,False,True,True,False,False,True,False,False,False,False,True,False
46.0,-1.5219166737253091,0.0,0.0,3.0,1.2521429119985958,0.0,21461.0,Traditional hour exist administration box week each.,614.0,1.0,0.0,False,False,False,False,False,True,False,False,False,False,True,False
49.87318087318087,,1.0,,4.986150712830957,0.0,9.92642276422764,,,,1.0,,False,True,False,True,False,False,False,False,False,False,False,False
35.0,1.2780629045672764,2.0,1.9,9.9,-1.2906668792528762,1.9,69853.0,Quality employee majority activity.,812.0,1.0,0.0,False,True,False,False,False,True,False,False,False,False,False,True
43.0,-0.7967829364646701,1.0,2.6,7.6,-0.5720467208557211,2.6,78480.0,Wear talk executive.,939.0,1.0,0.0,False,True,False,True,False,False,True,False,False,False,False,False
61.0,-1.1770306698505921,2.0,13.0,6.3,-0.7378821420242953,13.0,91444.0,Lawyer price event beautiful.,1489.0,1.0,0.0,False,False,True,False,False,False,False,True,False,False,True,False
51.0,0.589673351263754,1.0,7.4,9.3,-0.7378821420242953,7.4,34634.0,Per take let TV run summer establish.,1111.0,1.0,0.0,False,True,True,False,False,False,False,False,False,True,False,False
27.0,-0.27568856130649433,3.0,1.1,1.2,-0.7931606157471534,1.1,37734.0,Adult development top cause book your yet.,1326.0,3.0,0.0,False,True,False,True,False,True,False,False,True,False,False,False
79.0,-0.7890521056816135,4.0,19.6,7.1,-1.124831458084302,19.6,60848.0,Remain suffer bad however item until.,679.0,2.0,1.0,False,True,False,False,False,False,False,False,False,False,True,False
53.0,0.21648341162801069,4.0,14.8,2.2,0.9204720696614472,14.8,76961.0,Occur sing thing hand national sport.,434.0,2.0,0.0,False,True,False,True,False,True,False,False,False,False,True,False
31.0,-1.5528036164773802,4.0,5.7,5.0,-0.6826036683014371,5.7,59446.0,Million say fund wait involve member.,681.0,3.0,1.0,False,True,False,False,False,False,True,False,False,False,False,True
48.0,-1.3526387648614844,2.0,0.7,5.6,-0.46148977341000486,0.7,27224.0,Similar join night politics artist list.,1158.0,1.0,0.0,False,True,False,True,False,False,False,True,True,False,False,False
65.0,-0.9737007251611626,3.0,19.8,1.5,0.8651935959385892,19.8,11933.0,Attack mind today too.,1073.0,1.0,0.0,True,False,False,False,True,True,False,False,False,False,False,False
32.0,-1.283679754276619,1.0,19.4,3.9,1.0863074908300216,19.4,3482.0,Return shake when strategy national push human.,1455.0,2.0,0.0,False,False,False,False,True,True,False,False,False,False,True,False
25.0,1.2074122063051773,1.0,15.6,3.3,0.9204720696614472,15.6,71967.0,Medical too ready leg.,339.0,3.0,0.0,False,True,False,False,True,True,False,False,False,False,False,False
31.0,-0.22904891394706528,1.0,1.3,8.7,0.4229658061557245,1.3,46934.0,Accept have theory trial campaign place service writer.,346.0,1.0,0.0,False,False,False,False,True,True,False,False,False,False,True,False
40.0,-1.4212703520249501,2.0,1.9,1.0,-0.5720467208557211,1.9,37722.0,Information step answer sit.,645.0,1.0,0.0,False,False,False,True,False,False,False,True,False,False,False,False
77.0,-0.17800724058881343,1.0,2.9,6.4,0.4229658061557245,2.9,3560.0,Skill always news any boy test.,1370.0,1.0,0.0,False,True,False,False,True,False,False,True,True,False,False,False
74.0,-1.3763405825328323,4.0,1.3,8.6,-0.46148977341000486,1.3,87853.0,Their shoulder speak least all like up only.,648.0,0.0,0.0,True,False,True,False,False,False,True,False,False,False,False,True
79.0,-0.8593208099520793,0.0,17.6,3.8,-0.40621129968714675,17.6,57824.0,Put financial body accept person.,244.0,3.0,1.0,False,True,True,False,False,False,False,True,True,False,False,False
57.0,-0.12672909475955038,2.0,1.7,0.6,0.4782442798785826,1.7,77725.0,Thought miss need summer no.,108.0,1.0,0.0,False,True,False,True,False,True,False,False,False,True,False,False
38.0,0.49623034483419587,2.0,12.5,1.9,0.4229658061557245,12.5,18496.0,Occur least environmental remain check air current will.,1822.0,0.0,1.0,False,True,False,False,True,False,True,False,False,False,False,True
33.0,-0.529132479660209,3.0,3.0,0.8,0.25713038498715024,3.0,36342.0,Activity sell employee question tax.,532.0,3.0,0.0,False,True,False,False,True,False,True,False,True,False,False,False
62.0,-1.6690389310743972,1.0,9.6,0.3,1.1415859645528796,9.6,53094.0,Fast professional season become half say seek.,1113.0,1.0,1.0,False,False,False,False,True,False,True,False,False,True,False,False
35.0,1.2392814193214485,2.0,17.9,7.6,0.9204720696614472,17.9,85987.0,Different necessary wish when.,295.0,2.0,0.0,False,True,False,True,False,True,False,False,False,False,True,False
64.0,0.9800348303329218,2.0,0.1,1.2,0.6993581747700149,0.1,75985.0,Quite state news pressure between.,111.0,0.0,0.0,False,False,False,False,False,False,False,False,False,False,True,False
70.0,1.4886507350977405,4.0,19.3,3.4,-0.18509740479571443,19.3,64164.0,With most house get seek support.,1612.0,0.0,0.0,True,False,False,True,False,True,False,False,False,False,False,False
41.0,-1.133374213663919,4.0,19.7,6.9,-0.5720467208557211,19.7,64581.0,Maybe project child cup painting view should.,1200.0,1.0,1.0,False,False,False,False,False,False,False,True,False,False,False,True
43.0,-0.08565564556392219,1.0,6.6,5.9,-1.124831458084302,6.6,10999.0,Increase one see college practice so hotel country.,342.0,1.0,1.0,True,False,False,False,True,False,False,True,False,False,True,False
42.0,-0.7563643341118421,0.0,10.6,1.3,0.8651935959385892,10.6,93526.0,Way national information station rule fight agree.,1683.0,0.0,1.0,False,False,False,False,True,True,False,False,False,False,False,True
77.0,0.9613171247428858,3.0,0.7,0.0,1.2521429119985958,0.7,88402.0,Realize house meeting report early less.,100.0,2.0,1.0,False,True,False,True,False,True,False,False,False,False,True,False
77.0,0.6129749847533906,0.0,9.3,7.8,-1.4565023004214503,9.3,85261.0,Human during idea.,1781.0,2.0,0.0,False,True,False,True,False,False,True,False,False,False,False,False
77.0,1.400282791699883,1.0,17.3,6.0,0.4229658061557245,17.3,30146.0,Perform beautiful dinner care vote begin hotel.,628.0,3.0,0.0,True,False,False,False,False,True,False,False,True,False,False,False
62.0,-0.15257735486007637,4.0,0.6,4.6,0.25713038498715024,0.6,63202.0,Live character issue somebody.,1627.0,1.0,0.0,False,True,True,False,False,False,True,False,False,False,False,False
58.0,0.5947302241053769,1.0,16.4,1.8,0.4782442798785826,16.4,70506.0,Remain minute lay rich exist both too seven.,1424.0,2.0,1.0,True,False,False,False,False,False,False,True,False,True,False,False
46.0,0.8114845290722085,4.0,9.9,9.2,-0.7931606157471534,9.9,54919.0,Visit west bill which prove.,27.0,3.0,0.0,True,False,False,True,False,False,True,False,False,False,True,False
32.0,1.53192519729278,3.0,1.5,4.2,-1.18010993180716,1.5,23219.0,Mission through operation enough style likely.,936.0,2.0,1.0,False,False,False,True,False,True,False,False,False,True,False,False
62.0,-1.5892931377734079,4.0,19.5,4.0,-0.7378821420242953,19.5,58604.0,From probably safe defense thank into avoid.,1560.0,1.0,1.0,False,False,False,True,False,False,False,True,False,True,False,False
18.0,0.6204147724952028,3.0,9.6,6.2,0.5335227536014406,9.6,82571.0,Group still ahead happen economic value meeting.,57.0,3.0,1.0,True,False,False,True,False,False,False,False,False,False,False,True
42.0,1.5846039877580322,3.0,6.5,1.5,1.1415859645528796,6.5,14927.0,Its more cut while your member summer.,1521.0,3.0,1.0,False,True,False,True,False,False,True,False,False,False,True,False
24.0,-0.5594919069000245,3.0,12.3,6.3,-0.6826036683014371,12.3,42095.0,Down over area off of away.,296.0,3.0,1.0,False,False,True,False,False,False,False,True,False,True,False,False
26.0,0.12202175455409695,1.0,14.8,1.0,1.0863074908300216,14.8,33313.0,Health fact and stuff claim area say.,133.0,2.0,0.0,False,True,False,False,False,False,True,False,True,False,False,False
41.0,-0.7396475494303618,3.0,11.3,3.9,-1.2906668792528762,11.3,93433.0,System popular lose indicate major later.,1354.0,1.0,1.0,False,False,False,False,False,False,False,True,False,True,False,False
18.0,0.8777332013354847,3.0,10.5,8.2,0.6993581747700149,10.5,54120.0,Live study exactly admit others travel.,248.0,3.0,1.0,False,False,False,True,False,False,False,True,True,False,False,False
61.0,1.6028851287862014,1.0,3.1,3.1,-0.6273251945785792,3.1,63960.0,Still time any response cost.,1020.0,0.0,0.0,False,True,False,False,False,False,True,False,False,False,False,True
25.0,-0.3867396717313438,0.0,14.7,6.4,0.03601649009571791,14.7,55033.0,Together effort inside too north.,549.0,1.0,1.0,True,False,False,True,False,False,False,False,False,True,False,False
41.0,-0.14761143296884233,2.0,19.4,2.1,-0.6273251945785792,19.4,81201.0,Write attack foot window country.,901.0,0.0,1.0,False,True,False,False,True,False,False,True,False,False,False,False
49.87318087318087,,1.0,,4.986150712830957,0.0,9.92642276422764,,,,1.0,,False,True,False,True,False,False,False,False,False,False,False,False
28.0,1.0967248996818832,3.0,14.6,5.5,0.9757505433843053,14.6,5689.0,Build option maintain white yourself.,1677.0,3.0,0.0,True,False,False,False,False,False,False,True,True,False,False,False
68.0,-1.110945709298016,1.0,1.7,5.6,-0.07454045734999826,1.7,70936.0,Rather another beyond.,833.0,3.0,0.0,True,False,False,True,False,False,False,False,False,False,False,True
34.0,-1.2551939166148147,4.0,15.1,7.4,0.03601649009571791,15.1,79565.0,Instead cultural someone medical large weight seat.,1191.0,2.0,1.0,False,True,False,True,False,False,False,False,False,True,False,False
25.0,-0.5161083035645182,1.0,2.4,3.9,0.25713038498715024,2.4,69821.0,Raise instead good life growth.,770.0,2.0,0.0,True,False,False,False,True,True,False,False,False,False,True,False
52.0,0.1488159045386675,3.0,10.4,0.0,0.9757505433843053,10.4,75898.0,Choice generation white.,1526.0,2.0,0.0,False,True,False,True,False,False,True,False,False,False,True,False
52.0,0.8101748353866083,1.0,7.6,7.4,-1.4012238266985924,7.6,98370.0,Get child election however difference.,1378.0,1.0,0.0,False,True,False,True,False,False,False,False,True,False,False,False
50.0,-0.19794368891406075,1.0,15.8,0.2,0.20185191126429217,15.8,13458.0,Garden build remember wife reality.,1248.0,2.0,1.0,False,True,False,False,False,False,True,False,True,False,False,False
76.0,-0.7719715171985777,3.0,14.8,2.7,-1.3459453529757341,14.8,14493.0,Check point home threat later season day.,1687.0,0.0,0.0,True,False,True,False,False,True,False,False,False,False,True,False
22.0,-1.4401881497058417,1.0,5.0,0.4,-1.0695529843614437,5.0,10767.0,Indeed yet tax same.,1554.0,2.0,1.0,False,False,False,True,False,False,True,False,True,False,False,False
59.0,-0.07745186983884322,1.0,19.5,1.5,-0.18509740479571443,19.5,68000.0,Single medical down bar out brother smile happy.,145.0,3.0,1.0,True,False,False,True,False,False,False,False,False,False,False,True
56.0,-0.9804856660601747,2.0,1.5,0.5,-0.6826036683014371,1.5,81868.0,Hot rule today figure speak place ok management.,1264.0,2.0,0.0,False,True,False,False,True,False,True,False,False,False,False,False
75.0,1.2652206303723634,2.0,9.5,3.1,0.8651935959385892,9.5,69481.0,Reality part population yard eat which mean.,892.0,1.0,1.0,False,True,False,True,False,False,False,False,False,False,False,False
58.0,0.7490194163451105,1.0,10.8,2.9,0.20185191126429217,10.8,66293.0,North foreign affect quickly.,343.0,1.0,1.0,False,True,True,False,False,False,True,False,False,False,False,True
45.0,-1.357804778843574,1.0,13.6,6.3,-1.0142745106385858,13.6,70334.0,Entire recent whatever weight receive.,1772.0,0.0,0.0,False,False,False,False,False,False,False,False,False,False,False,False
24.0,0.790893233904161,4.0,12.2,5.2,0.6440797010471568,12.2,7137.0,Natural oil entire feel statement citizen lot.,1058.0,1.0,1.0,False,True,True,False,False,False,False,False,False,True,False,False
26.0,-0.3302591315398356,3.0,3.7,2.7,0.9757505433843053,3.7,2161.0,Finish among truth instead.,701.0,2.0,0.0,False,True,False,False,False,False,True,False,False,False,False,True
25.0,-1.035547371425616,2.0,18.1,4.7,-1.4012238266985924,18.1,95143.0,Head enough ago young.,0.0,3.0,1.0,True,False,False,True,False,True,False,False,True,False,False,False
29.0,0.7111292504130938,4.0,18.2,0.0,-1.0695529843614437,18.2,54888.0,Example newspaper he health rather.,152.0,1.0,1.0,False,False,False,False,False,False,False,True,False,False,False,True
51.0,-1.1396680194308313,1.0,3.3,1.9,-1.124831458084302,3.3,55246.0,Upon matter TV join campaign clear recent.,428.0,0.0,0.0,True,False,False,False,True,True,False,False,False,False,True,False
50.0,1.5751632791076642,4.0,7.6,1.0,0.9204720696614472,7.6,65932.0,Argue use point significant vote.,507.0,2.0,0.0,True,False,False,False,True,False,True,False,True,False,False,False
65.0,-0.8575563615145346,0.0,0.1,2.7,1.3074213857214538,0.1,53866.0,Outside you culture ask because nor.,1149.0,0.0,1.0,False,False,False,False,True,True,False,False,False,False,True,False
72.0,-1.3316109051315703,2.0,16.4,3.5,0.6440797010471568,16.4,28856.0,By west test think.,490.0,1.0,1.0,False,True,False,False,True,False,False,False,True,False,False,False
40.0,-1.4422800215647864,1.0,6.8,5.8,0.8099151222157311,6.8,7026.0,Six method expect out hear care.,1505.0,1.0,0.0,True,False,True,False,False,False,False,True,False,False,False,False
79.0,-1.1177852207672614,3.0,8.7,4.7,-0.6273251945785792,8.7,71813.0,Become near seat particularly also.,344.0,0.0,1.0,False,True,False,True,False,False,True,False,False,False,False,True
41.0,0.9132768327474677,1.0,6.7,5.9,0.4229658061557245,6.7,64329.0,Early seem government bit.,1761.0,2.0,1.0,True,False,False,False,False,False,True,False,False,True,False,False
54.0,-0.5923615803705737,1.0,7.1,5.5,0.1465734375414341,7.1,86231.0,Gun factor pattern hard.,220.0,1.0,1.0,False,False,False,False,False,False,True,False,True,False,False,False
52.0,-0.20742077794458436,3.0,5.1,3.7,-0.9589960369157277,5.1,68435.0,Represent share another result arrive marriage indeed.,722.0,3.0,1.0,False,False,False,False,True,False,False,True,True,False,False,False
61.0,-0.1655651505756116,1.0,12.8,6.8,0.5888012273242987,12.8,63841.0,Account newspaper mission.,1048.0,1.0,0.0,False,False,False,False,True,False,False,False,False,False,True,False
57.0,-0.4330155152892172,1.0,1.3,6.6,-0.516768247132863,1.3,61203.0,Your attack save stock energy town thought.,527.0,2.0,0.0,False,True,False,True,False,False,True,False,False,False,False,False
39.0,-0.8429314486919991,1.0,11.2,4.7,1.2521429119985958,11.2,25088.0,Peace far walk view.,1205.0,1.0,0.0,True,False,False,True,False,True,False,False,False,False,True,False
44.0,0.42039544239992926,4.0,6.4,9.9,-1.2353884055300182,6.4,28671.0,Success parent marriage court party.,1522.0,0.0,0.0,False,True,True,False,False,False,True,False,False,False,True,False
52.0,-1.1510732686095995,4.0,18.2,4.0,0.0,18.2,80470.0,Hotel join like plan fear hot.,840.0,1.0,0.0,False,True,False,False,False,False,True,False,False,False,False,False
18.0,-0.04132615234437129,1.0,7.8,5.3,0.091294963818576,7.8,38863.0,Father discuss design game value method.,1664.0,1.0,0.0,False,False,False,True,False,False,True,False,False,True,False,False
52.0,1.6278238793828383,4.0,14.7,8.1,0.6440797010471568,14.7,78396.0,Glass successful third she arm represent check than.,1065.0,2.0,1.0,False,False,False,True,False,False,True,False,False,False,True,False
54.0,0.6428432768611061,0.0,12.8,9.4,0.36768733243286644,12.8,42215.0,Speak use board.,480.0,0.0,0.0,False,True,False,False,False,False,False,False,False,False,True,False
64.0,0.9644276472461862,1.0,1.8,6.2,0.8651935959385892,1.8,2673.0,Too mission feel herself statement do piece.,929.0,2.0,1.0,True,False,True,False,False,True,False,False,True,False,False,False
31.0,-1.3679912852871312,1.0,15.7,3.3,0.9757505433843053,15.7,2564.0,Maybe old those produce hotel.,1771.0,1.0,1.0,False,True,False,True,False,False,False,False,False,False,False,False
20.0,1.334343352667929,3.0,3.5,6.3,-0.2403758785185725,3.5,49135.0,Share level various identify.,871.0,3.0,1.0,False,True,False,True,False,True,False,False,False,False,False,True
18.0,1.6226214850205933,4.0,18.0,0.1,-1.2353884055300182,18.0,70940.0,Change writer himself work them name.,1462.0,1.0,0.0,True,False,False,True,False,False,True,False,False,True,False,False
22.0,-0.08447328320886646,1.0,2.2,4.4,0.1465734375414341,2.2,82867.0,Act animal let heavy painting direction cut.,1425.0,2.0,1.0,False,False,True,False,False,False,False,True,False,True,False,False
43.0,-1.674859791899287,0.0,0.0,4.8,-1.18010993180716,0.0,63027.0,Despite hand last leader appear energy industry.,1569.0,3.0,0.0,False,False,False,True,False,False,False,False,False,False,False,False
72.0,-0.9853242566208643,3.0,11.3,7.5,1.0310290171071634,11.3,12944.0,Former fish here sense.,344.0,2.0,1.0,True,False,True,False,False,False,False,True,True,False,False,False
49.87318087318087,,1.0,,4.986150712830957,0.0,9.92642276422764,,,,1.0,,False,True,False,True,False,False,False,False,False,False,False,False
31.0,0.8672010812804499,1.0,7.3,8.1,-1.2906668792528762,7.3,8477.0,Feeling subject break purpose newspaper week.,1669.0,0.0,0.0,False,False,False,False,True,False,True,False,False,False,False,False
56.0,0.30728884049629057,0.0,18.9,5.5,0.091294963818576,18.9,48055.0,Week evidence visit stage standard.,20.0,3.0,1.0,False,False,False,True,False,False,False,False,True,False,False,False
44.0,-1.658052056267418,2.0,9.6,7.7,-0.2403758785185725,9.6,993.0,Become health production.,1657.0,1.0,1.0,False,False,False,True,False,False,True,False,False,True,False,False
26.0,1.0859926875359929,0.0,19.4,9.4,-1.18010993180716,19.4,83928.0,Item into blood happen create happy.,1093.0,2.0,1.0,True,False,False,False,False,False,False,False,False,True,False,False
32.0,0.2748375413975303,0.0,16.8,1.0,0.25713038498715024,16.8,64588.0,Line skin write through wrong.,872.0,1.0,1.0,False,True,True,False,False,False,True,False,False,False,False,True
32.0,-0.3536517159798612,3.0,17.6,9.5,0.8099151222157311,17.6,51059.0,Every soon energy follow would.,47.0,0.0,0.0,False,False,False,False,False,False,True,False,False,False,False,False
43.0,-0.433943214983184,1.0,3.4,6.2,-0.516768247132863,3.4,80707.0,Believe hour owner happy tax culture.,1514.0,0.0,1.0,False,True,False,True,False,True,False,False,False,False,True,False
59.0,0.20558748777142022,2.0,9.9,6.8,-0.6826036683014371,9.9,38828.0,Heart meet compare range glass food position trip.,550.0,3.0,1.0,False,True,True,False,False,False,True,False,False,False,True,False
77.0,0.4529922630193118,4.0,17.4,2.2,0.6993581747700149,17.4,51315.0,Mouth good view stop after city.,286.0,0.0,0.0,False,False,False,False,True,True,False,False,False,False,False,True
30.0,1.541620568604237,4.0,17.5,2.1,0.25713038498715024,17.5,90656.0,Worry energy occur need.,1001.0,0.0,1.0,False,False,False,False,False,False,True,False,False,False,False,True
68.0,0.4843339605233275,0.0,14.9,7.6,-1.0142745106385858,14.9,66690.0,Fill whose medical your recent kid day room.,1033.0,1.0,1.0,False,True,False,True,False,False,False,True,True,False,False,False
49.87318087318087,,1.0,,4.986150712830957,0.0,9.92642276422764,,,,1.0,,False,True,False,True,False,False,False,False,False,False,False,False
49.0,-1.2901736521343865,3.0,0.0,0.6,-0.9589960369157277,0.0,55548.0,Common today build by across.,755.0,0.0,1.0,False,True,True,False,False,False,False,True,False,False,False,True
56.0,1.4715883368047824,4.0,12.0,3.0,-0.40621129968714675,12.0,39831.0,Issue talk ever camera mouth pass.,273.0,2.0,0.0,True,False,False,False,False,False,False,True,False,False,True,False
66.0,0.8417711955517129,2.0,10.5,10.0,-1.18010993180716,10.5,36654.0,Indeed those tax.,955.0,0.0,1.0,False,True,False,False,False,False,True,False,True,False,False,False
69.0,-0.5342257328819875,1.0,17.0,9.5,1.1415859645528796,17.0,40666.0,To assume size boy politics case prepare.,599.0,2.0,0.0,True,False,False,False,True,False,False,True,False,False,False,True
78.0,-0.04716520335933881,2.0,5.7,0.3,-1.3459453529757341,5.7,54219.0,Age act indicate reflect record per other.,1779.0,0.0,1.0,True,False,False,False,True,True,False,False,False,False,False,True
49.0,-1.0685079958465542,1.0,5.2,7.0,0.8099151222157311,5.2,82117.0,Imagine of participant floor whatever boy set.,380.0,0.0,1.0,False,True,False,True,False,False,False,False,True,False,False,False
21.0,0.15632845304079082,1.0,19.5,2.0,-0.9037175631928696,19.5,55112.0,High spring weight agree executive court start.,1352.0,3.0,1.0,False,True,False,True,False,False,True,False,False,False,False,False
47.0,-1.4978510522524056,1.0,14.6,7.1,0.8651935959385892,14.6,92359.0,Store under enjoy similar her.,478.0,3.0,0.0,False,True,False,True,False,False,False,True,True,False,False,False
54.0,-0.9755561245490962,4.0,18.5,7.2,-0.5720467208557211,18.5,94406.0,Yes than food likely event.,14.0,2.0,1.0,False,True,False,True,False,False,True,False,False,False,True,False
40.0,1.1275390816736433,1.0,7.6,9.4,0.25713038498715024,7.6,30987.0,Phone money kitchen clear.,515.0,0.0,1.0,False,True,False,True,False,True,False,False,False,False,False,False
56.0,1.5196286288002006,3.0,19.8,2.7,-1.2906668792528762,19.8,27746.0,Machine so gas.,190.0,1.0,0.0,False,False,False,True,False,False,True,False,False,True,False,False
62.0,-0.6693788451598961,1.0,2.2,9.4,-1.2906668792528762,2.2,6949.0,Kitchen people significant human team scientist.,1191.0,3.0,0.0,True,False,True,False,False,False,True,False,True,False,False,False
32.0,-0.45007791358217525,0.0,16.8,5.6,-0.5720467208557211,16.8,32970.0,Treatment performance consumer foot wind deal civil.,1544.0,1.0,0.0,False,True,False,False,True,False,False,True,False,False,True,False
60.0,-1.5594612260458478,0.0,1.5,7.8,0.754636648492873,1.5,31767.0,Medical worry in Republican military me.,620.0,3.0,0.0,False,True,False,True,False,True,False,False,False,False,False,False
46.0,-1.1946569640359614,4.0,12.8,9.3,-0.46148977341000486,12.8,19154.0,Site soldier walk her ask similar walk.,1160.0,3.0,1.0,False,True,False,False,True,False,False,False,True,False,False,False
53.0,-0.24163652548088935,3.0,4.4,4.4,-1.2353884055300182,4.4,82556.0,Person walk argue attorney cup whom its.,153.0,0.0,1.0,False,True,False,False,True,False,False,False,False,False,False,True
30.0,-0.2732874562162273,2.0,8.3,8.5,0.25713038498715024,8.3,49646.0,That then hard just thought.,1411.0,3.0,1.0,False,True,False,True,False,False,False,True,True,False,False,False
49.0,-0.7295883743173492,3.0,4.7,4.3,-0.2956543522414306,4.7,56849.0,Finally PM space try let sign add nature.,1232.0,1.0,1.0,False,True,True,False,False,False,True,False,False,True,False,False
24.0,0.7816889977248042,0.0,9.8,6.7,-1.18010993180716,9.8,56107.0,Voice door experience mother fly wonder.,271.0,3.0,0.0,False,True,False,False,False,False,False,True,True,False,False,False
76.0,0.07185321031957852,0.0,14.9,6.9,0.4229658061557245,14.9,58637.0,Star leg effort rather piece factor exist.,142.0,2.0,1.0,False,False,True,False,False,False,False,True,False,False,False,False
68.0,0.12111224505020791,1.0,8.7,3.9,-0.2956543522414306,8.7,20787.0,Home born weight suggest your sure.,1634.0,0.0,1.0,False,True,True,False,False,False,False,True,False,False,False,False
39.0,1.4994011374337086,3.0,6.9,4.3,-1.4565023004214503,6.9,42809.0,White loss memory hair this statement test.,1092.0,0.0,1.0,False,True,False,False,True,False,True,False,True,False,False,False
45.0,-1.3486369230443727,3.0,14.4,5.5,-0.40621129968714675,14.4,44251.0,Spend real central road capital appear.,246.0,2.0,1.0,True,False,True,False,False,True,False,False,False,False,False,False
19.0,0.650974291825874,0.0,13.1,1.0,-0.2956543522414306,13.1,43569.0,Minute magazine why power night artist.,1284.0,2.0,0.0,True,False,False,True,False,False,False,True,False,False,False,True
59.0,0.8191607892850318,2.0,3.3,9.4,1.1415859645528796,3.3,6292.0,Situation scene campaign week someone pretty no.,787.0,2.0,1.0,True,False,False,False,True,False,True,False,True,False,False,False
62.0,0.7853270357403602,4.0,12.6,5.9,-0.9037175631928696,12.6,83012.0,Serve bring to actually price ever baby kitchen.,78.0,3.0,1.0,False,True,False,True,False,True,False,False,False,False,False,True
79.0,-1.2002231621997623,4.0,14.4,3.9,-0.7931606157471534,14.4,23740.0,Memory yourself yard check beyond behind perform.,1681.0,0.0,1.0,False,True,False,False,False,False,False,True,False,False,False,True
74.0,-1.758352764356299,3.0,5.2,4.0,0.8099151222157311,5.2,29512.0,Course thing project value.,622.0,2.0,0.0,True,False,False,False,True,False,False,False,False,False,True,False
70.0,0.20520549377978684,4.0,1.9,2.0,-1.3459453529757341,1.9,3940.0,Participant impact science grow accept every very serious.,1793.0,3.0,0.0,False,True,False,False,False,True,False,False,True,False,False,False
23.0,-1.1783949341064257,0.0,11.7,8.2,-1.0142745106385858,11.7,2984.0,Type view guy later throw.,1628.0,2.0,1.0,False,True,False,False,True,False,False,True,False,False,False,False
45.0,-1.3417792213850495,0.0,17.5,2.5,-0.8484390894700115,17.5,96225.0,Party church finish professor guess.,524.0,1.0,1.0,True,False,False,True,False,True,False,False,False,False,False,True
45.0,-1.206044023024652,3.0,18.1,3.4,-0.2403758785185725,18.1,72934.0,Over would relationship school over.,771.0,1.0,1.0,True,False,True,False,False,True,False,False,False,False,True,False
61.0,1.2216187447559237,3.0,0.8,6.7,-0.7378821420242953,0.8,74156.0,Future family yet friend.,937.0,0.0,0.0,False,True,False,True,False,True,False,False,True,False,False,False
61.0,1.6003021217951567,1.0,12.7,0.6,0.31240885871000834,12.7,75541.0,Enough build just woman.,1644.0,3.0,1.0,False,False,False,False,False,True,False,False,True,False,False,False
37.0,1.1872756658890742,3.0,7.8,9.1,-0.516768247132863,7.8,32422.0,Bill whom method five view.,1353.0,1.0,1.0,False,True,True,False,False,True,False,False,False,True,False,False
47.0,0.25208161361022696,2.0,17.8,1.8,1.1968644382757376,17.8,27098.0,Record item cover my radio analysis.,1212.0,1.0,1.0,False,True,False,False,True,True,False,False,False,True,False,False
79.0,1.3271036570169723,4.0,7.3,2.1,0.754636648492873,7.3,72232.0,Part beat wear news movement.,1118.0,3.0,0.0,True,False,True,False,False,False,False,True,False,False,False,True
28.0,1.6395201716028514,3.0,12.8,3.7,-1.0142745106385858,12.8,16734.0,Really dream art moment.,616.0,2.0,1.0,True,False,False,True,False,False,False,False,False,True,False,False
49.87318087318087,1.2325146686125141,1.0,18.6,8.6,-0.2403758785185725,18.6,42204.0,Well scene interest everybody bar phone.,1031.0,3.0,1.0,False,True,True,False,False,False,True,False,False,False,False,True
75.0,0.6703286540686323,1.0,14.6,6.8,-0.9589960369157277,14.6,81393.0,Their bill far.,66.0,2.0,0.0,False,True,False,True,False,True,False,False,False,False,False,False
72.0,0.4370940368913317,1.0,4.2,8.8,-0.46148977341000486,4.2,76592.0,Somebody beyond crime help wish.,1519.0,1.0,0.0,False,False,True,False,False,False,True,False,False,False,False,True
45.0,-0.16887576516976766,0.0,4.7,9.6,1.0863074908300216,4.7,12341.0,Rich machine require hundred up hair.,190.0,1.0,1.0,False,False,False,True,False,False,False,True,False,True,False,False
42.0,-1.0134462904811128,4.0,11.7,4.9,-1.2353884055300182,11.7,18087.0,Just model special.,1389.0,1.0,0.0,True,False,False,False,False,True,False,False,False,False,False,False
56.0,-0.5702786896161484,3.0,3.3,8.8,1.0863074908300216,3.3,33836.0,Establish stuff describe again become always.,767.0,0.0,1.0,False,True,False,True,False,False,False,False,False,True,False,False
79.0,0.477912823425871,1.0,12.8,0.9,4.0160665981415,12.8,36075.0,Nation behavior fear get serious act.,520.0,0.0,0.0,False,False,False,False,True,False,True,False,False,False,False,True
50.0,-0.9765747751934519,4.0,12.3,9.8,-0.2403758785185725,12.3,57442.0,Live surface change very kind reflect Mrs.,989.0,0.0,0.0,False,True,True,False,False,True,False,False,False,False,True,False
18.0,1.272041951651531,0.0,14.1,0.0,0.1465734375414341,14.1,5508.0,Argue race despite last plan truth executive method.,1140.0,3.0,1.0,False,True,False,True,False,False,False,True,True,False,False,False
74.0,0.6032432330617781,2.0,7.8,2.1,-0.12981893107285633,7.8,8503.0,Century different edge.,266.0,1.0,1.0,True,False,False,False,True,False,False,False,False,True,False,False
44.0,0.46618015082570263,1.0,0.1,4.5,0.03601649009571791,0.1,53963.0,Tax chair pretty ground organization media enter.,1634.0,1.0,1.0,False,False,False,False,True,False,True,False,False,False,False,True
79.0,1.618837925484415,4.0,0.5,5.9,0.36768733243286644,0.5,74903.0,Force public later direction either.,484.0,3.0,0.0,False,True,False,True,False,False,True,False,False,False,False,False
74.0,0.5381769231535576,4.0,15.8,9.1,0.9757505433843053,15.8,62913.0,Choice people into quality company.,1532.0,0.0,1.0,True,False,False,False,False,True,False,False,False,True,False,False
69.0,0.50168740185753,2.0,1.9,7.8,1.1415859645528796,1.9,60593.0,City reveal serve talk actually.,1321.0,3.0,1.0,False,False,False,False,False,False,False,False,False,True,False,False
30.0,1.1298674260035992,4.0,12.6,9.5,1.0863074908300216,12.6,81985.0,Nature morning collection food.,1187.0,0.0,1.0,False,False,False,True,False,False,False,False,True,False,False,False
58.0,-1.1656072304817462,0.0,6.9,2.6,-0.12981893107285633,6.9,30034.0,Center chance news news expert difficult while.,375.0,1.0,1.0,False,False,False,False,False,False,False,False,False,False,False,True
20.0,1.466804316814326,0.0,17.9,9.4,-0.9589960369157277,17.9,75315.0,Owner production chair wall though education question.,652.0,2.0,1.0,False,False,True,False,False,False,False,False,False,False,True,False
56.0,-1.3543122623486403,2.0,5.7,0.1,-0.7378821420242953,5.7,71932.0,Technology gun left car per service public dog.,1291.0,0.0,0.0,False,False,False,False,False,False,False,True,False,False,False,False
23.0,-0.3325147151094804,1.0,17.6,6.6,0.8099151222157311,17.6,60025.0,Decide continue environmental government.,548.0,1.0,1.0,False,True,False,True,False,False,False,False,False,False,False,True
25.0,1.5861683441047212,3.0,13.1,1.8,1.0310290171071634,13.1,69965.0,Husband like might perhaps air thing.,1097.0,1.0,1.0,True,False,False,False,False,False,True,False,False,False,False,False
44.0,0.5433065567554917,1.0,7.5,9.8,0.1465734375414341,7.5,28880.0,Red develop minute music.,1531.0,2.0,0.0,False,True,True,False,False,False,True,False,False,True,False,False
26.0,1.6250407803009381,3.0,16.0,4.3,0.754636648492873,16.0,66799.0,Challenge kind across game.,72.0,1.0,1.0,False,True,False,True,False,False,False,True,True,False,False,False
79.0,1.283392630260066,4.0,2.2,9.4,-0.12981893107285633,2.2,45030.0,Support computer eight.,307.0,1.0,1.0,False,False,False,True,False,False,True,False,True,False,False,False
54.0,-1.0344923404011048,1.0,4.5,7.4,-0.7378821420242953,4.5,18290.0,The detail respond these.,198.0,0.0,1.0,True,False,False,True,False,False,True,False,False,False,True,False
50.0,-0.6177550857191553,2.0,9.7,2.2,0.4229658061557245,9.7,2506.0,Natural across gas if.,1153.0,0.0,1.0,False,False,False,True,False,False,False,False,True,False,False,False
68.0,1.2099042623458331,2.0,0.3,9.4,4.0160665981415,0.3,40096.0,Single report let guess gas.,1781.0,2.0,1.0,True,False,False,True,False,False,True,False,False,True,False,False
59.0,-0.39265148350662243,1.0,2.5,3.7,1.1415859645528796,2.5,44224.0,Down detail assume charge investment.,571.0,2.0,0.0,False,True,False,False,True,False,False,True,False,False,True,False
61.0,-1.0672710629212652,1.0,9.2,3.8,0.36768733243286644,9.2,67421.0,Off sense why reality coach kitchen way.,790.0,1.0,0.0,True,False,False,False,True,False,False,False,False,False,False,True
41.0,-0.6739445828694189,0.0,12.3,1.9,-0.9589960369157277,12.3,2835.0,Position say those perhaps fine improve.,1638.0,0.0,0.0,False,True,False,True,False,True,False,False,True,False,False,False
32.0,0.3317546461509053,1.0,3.6,6.4,0.4229658061557245,3.6,21855.0,Long dog policy only great strong.,1510.0,2.0,1.0,False,True,False,True,False,False,False,False,False,False,True,False
76.0,1.086556583428404,4.0,4.7,9.5,-0.9037175631928696,4.7,3172.0,Hospital take many television trade social.,1174.0,2.0,0.0,True,False,True,False,False,False,False,True,False,True,False,False
71.0,1.599119759440101,0.0,4.7,8.1,-0.9037175631928696,4.7,53889.0,Ball too ready evidence wait week.,1692.0,3.0,1.0,True,False,True,False,False,False,False,False,False,False,False,False
49.0,0.8468644487734914,2.0,3.9,5.6,-0.3509328259642887,3.9,21275.0,Win bag to cause enter fill.,1229.0,2.0,1.0,True,False,False,False,False,False,False,False,False,False,False,False
49.0,0.3604951464737983,1.0,15.2,7.2,-0.3509328259642887,15.2,71696.0,Computer decide power argue leader.,178.0,1.0,1.0,True,False,False,True,False,False,False,True,False,True,False,False
41.0,1.5153357439418442,3.0,8.6,1.8,-0.2956543522414306,8.6,31853.0,Military small mother region.,196.0,0.0,0.0,False,True,False,False,True,False,False,False,False,True,False,False
58.0,-0.4535522398870313,1.0,3.0,5.4,0.9757505433843053,3.0,27190.0,Experience she war government probably not system.,734.0,2.0,0.0,False,False,False,True,False,False,False,True,False,False,False,False
69.0,-0.5903242790818624,3.0,14.0,4.9,-1.124831458084302,14.0,26994.0,Popular significant she subject go.,88.0,3.0,0.0,True,False,False,False,False,False,False,True,False,False,True,False
66.0,-0.9479797963911811,1.0,15.0,2.8,-0.5720467208557211,15.0,59140.0,Player maintain yeah investment become back energy.,798.0,0.0,1.0,True,False,True,False,False,True,False,False,False,False,False,False
79.0,-0.39685341741458974,4.0,8.7,9.5,-1.4012238266985924,8.7,17261.0,Hope own bill try.,1457.0,2.0,0.0,False,True,False,False,True,False,True,False,False,True,False,False
66.0,0.9214078477122356,3.0,15.0,5.5,-0.8484390894700115,15.0,23108.0,Technology example sing paper.,787.0,3.0,1.0,False,True,False,False,True,False,True,False,True,False,False,False
75.0,-1.2417877465274905,1.0,1.5,6.5,0.8099151222157311,1.5,16520.0,Work include minute result for sit.,747.0,2.0,0.0,False,True,False,True,False,False,False,False,False,False,False,True
69.0,-1.3195689993000796,1.0,17.6,4.4,-0.516768247132863,17.6,89906.0,Back southern detail visit just opportunity should.,1206.0,0.0,0.0,True,False,True,False,False,False,False,False,True,False,False,False
29.0,1.368468149253845,3.0,10.6,4.8,-0.9037175631928696,10.6,80164.0,Apply enough usually.,208.0,0.0,1.0,False,True,False,True,False,True,False,False,True,False,False,False
79.0,-1.6563603685901842,1.0,2.2,5.1,-0.6273251945785792,2.2,77100.0,Feeling staff entire fire case tell join even.,492.0,0.0,1.0,False,True,False,False,True,True,False,False,False,True,False,False
56.0,1.0510675225866544,4.0,16.9,0.7,1.1968644382757376,16.9,27496.0,Kind them magazine coach camera morning.,1153.0,1.0,0.0,False,True,False,True,False,True,False,False,False,False,False,False
19.0,1.0739871620846577,0.0,1.7,7.3,1.3074213857214538,1.7,38633.0,Fear trial practice.,664.0,2.0,0.0,False,False,False,True,False,False,False,True,False,False,True,False
20.0,0.25721124721216104,4.0,17.6,6.5,-0.516768247132863,17.6,89467.0,South professor also act.,1036.0,1.0,0.0,True,False,True,False,False,True,False,False,True,False,False,False
66.0,1.0356604315907745,1.0,1.6,1.0,0.4229658061557245,1.6,78881.0,If choose beautiful sort.,1657.0,0.0,1.0,False,True,False,False,True,True,False,False,False,False,False,False
54.0,1.1130233099915745,4.0,2.1,7.1,0.0,2.1,42638.0,The plant three few very cost hour.,870.0,3.0,1.0,False,True,False,True,False,False,False,False,False,False,True,False
66.0,-1.651831011260817,1.0,5.5,4.2,-0.07454045734999826,5.5,52814.0,Oil likely guess recognize leave pattern.,731.0,2.0,0.0,False,True,False,True,False,True,False,False,True,False,False,False
73.0,-0.6785285107690197,1.0,16.8,2.6,-0.6273251945785792,16.8,5110.0,Foot chair sit agency animal.,1129.0,1.0,0.0,False,True,False,True,False,False,False,True,False,False,True,False
34.0,-0.812863064493428,0.0,19.8,9.4,-1.18010993180716,19.8,48493.0,Make source strategy.,1398.0,2.0,1.0,False,False,False,False,True,False,False,True,False,False,False,False
76.0,-1.663090738918963,1.0,8.4,6.7,0.9204720696614472,8.4,20936.0,News life within author raise name sell.,1605.0,3.0,0.0,False,True,False,False,True,False,False,False,False,False,False,True
66.0,-1.1833608559976598,2.0,9.2,9.0,0.8651935959385892,9.2,3413.0,You PM possible doctor under ball establish.,1730.0,1.0,1.0,True,False,False,False,False,True,False,False,False,False,False,False
19.0,-0.695063393549722,1.0,18.1,3.9,1.0863074908300216,18.1,87822.0,Around difficult kid.,697.0,0.0,1.0,False,True,True,False,False,True,False,False,False,True,False,False
19.0,0.07756493000400158,1.0,7.6,9.0,1.0863074908300216,7.6,34638.0,Message alone ok TV.,1122.0,1.0,1.0,True,False,False,True,False,False,False,True,False,False,True,False
45.0,-1.1644248681266904,1.0,13.9,4.1,1.1415859645528796,13.9,42413.0,Organization wish board audience process charge our.,593.0,2.0,1.0,False,True,False,True,False,True,False,False,False,False,False,True
71.0,-0.2803998205366394,1.0,10.9,4.2,0.8099151222157311,10.9,80212.0,Crime scientist suggest best smile ten marriage.,1610.0,2.0,1.0,True,False,False,False,False,True,False,False,False,False,True,False
40.0,0.9100753592937784,0.0,18.4,2.1,-0.8484390894700115,18.4,82751.0,None player relationship later.,885.0,2.0,1.0,False,True,False,True,False,True,False,False,False,False,True,False
54.0,-0.2756703711164165,1.0,15.2,4.5,-0.7931606157471534,15.2,14678.0,Treatment minute girl some music.,851.0,2.0,0.0,True,False,False,False,False,False,True,False,True,False,False,False
49.0,1.022854537776017,0.0,16.8,3.1,-1.2906668792528762,16.8,49338.0,Second whose black guy.,1215.0,0.0,1.0,False,True,False,False,True,False,False,False,False,True,False,False
50.0,-1.0017863786412555,3.0,15.4,0.7,0.6440797010471568,15.4,14426.0,Special woman smile current wide collection.,324.0,1.0,1.0,True,False,False,True,False,False,True,False,False,False,True,False
18.0,-0.6103698685475764,2.0,6.9,1.3,-1.4012238266985924,6.9,95747.0,Special size significant.,978.0,0.0,0.0,False,False,False,True,False,False,False,False,False,False,False,False
36.0,-1.475458928266658,0.0,15.7,9.4,-0.07454045734999826,15.7,65830.0,Company do item.,1749.0,0.0,1.0,True,False,False,True,False,False,False,True,False,False,False,False
79.0,0.0837677848205247,1.0,12.0,0.6,-0.019261983627140173,12.0,2669.0,Head trial someone central truth.,955.0,0.0,0.0,True,False,False,True,False,True,False,False,True,False,False,False
19.0,-0.1803355849187693,3.0,13.6,9.5,-0.019261983627140173,13.6,32986.0,They whatever late road court.,1490.0,2.0,1.0,False,False,False,True,False,False,False,False,False,True,False,False
70.0,-1.3239528351088248,0.0,14.8,0.2,-0.6826036683014371,14.8,13086.0,Laugh me win near born toward gas.,893.0,2.0,0.0,False,True,False,True,False,False,True,False,False,True,False,False
61.0,-0.07890708504506565,0.0,8.1,2.5,-1.0695529843614437,8.1,64816.0,May three energy key news put stock.,1390.0,2.0,0.0,False,True,False,False,False,True,False,False,False,False,False,False
43.0,-1.2646346252651828,2.0,12.3,2.4,-1.124831458084302,12.3,87461.0,Share or purpose attention energy training.,1341.0,1.0,1.0,True,False,False,True,False,False,False,True,False,False,False,True
49.0,-0.9490348274156923,1.0,16.8,3.3,1.0863074908300216,16.8,64248.0,Modern born station central picture.,143.0,3.0,1.0,False,False,False,False,True,False,False,False,True,False,False,False
23.0,0.5147843387135319,4.0,1.3,2.5,1.0310290171071634,1.3,58896.0,You right treat reality figure visit.,383.0,2.0,1.0,True,False,False,False,True,False,False,False,True,False,False,False
49.0,-1.0221957719085253,4.0,15.8,9.2,0.6993581747700149,15.8,49884.0,Project prevent close design effect question out.,215.0,1.0,1.0,False,True,False,False,True,False,False,False,False,False,False,False
72.0,-0.6174276622977551,0.0,3.7,1.3,-0.8484390894700115,3.7,43228.0,Deep option teach bar Democrat.,1384.0,2.0,0.0,False,True,False,False,True,True,False,False,False,False,False,False
21.0,1.6574738892096206,1.0,15.8,6.8,-0.7931606157471534,15.8,66275.0,Clearly share house bit example the.,323.0,2.0,0.0,True,False,False,False,False,False,True,False,False,False,False,True
72.0,-0.884204989978483,1.0,1.9,9.9,0.8651935959385892,1.9,17132.0,Know window training forward.,1038.0,0.0,0.0,False,True,True,False,False,False,True,False,False,False,False,True
28.0,-0.32003624471612296,3.0,0.8,4.4,-0.5720467208557211,0.8,72987.0,Local international collection life.,216.0,0.0,1.0,False,True,False,True,False,False,False,False,False,True,False,False
73.0,-1.330719585817759,1.0,3.2,2.0,-0.5720467208557211,3.2,28047.0,Rest bring job center job a brother interesting.,1515.0,0.0,0.0,True,False,False,True,False,False,False,True,True,False,False,False
76.0,0.12515046724747517,1.0,16.9,3.1,0.4782442798785826,16.9,34134.0,Whose include key spring local.,950.0,1.0,1.0,True,False,True,False,False,False,False,True,True,False,False,False
34.0,-1.1818692604112817,1.0,12.4,3.0,-0.3509328259642887,12.4,29630.0,Television magazine where affect.,1570.0,3.0,1.0,False,True,False,False,True,False,True,False,False,False,False,False
49.87318087318087,,1.0,,4.986150712830957,0.0,9.92642276422764,,,,1.0,,False,True,False,True,False,False,False,False,False,False,False,False
55.0,0.9842913348111225,0.0,17.1,7.5,-1.2353884055300182,17.1,78509.0,About article worry hotel thank.,269.0,1.0,1.0,True,False,False,True,False,False,True,False,True,False,False,False
41.0,0.660833374848031,0.0,8.6,8.5,-0.07454045734999826,8.6,76990.0,Them why miss budget friend as three week.,944.0,2.0,0.0,False,True,False,True,False,False,False,False,False,True,False,False
22.0,-0.5072133006164836,0.0,12.9,7.2,-0.6273251945785792,12.9,10796.0,Quickly interest grow.,1490.0,1.0,1.0,False,True,False,True,False,False,True,False,False,True,False,False
69.0,0.24560590594253714,4.0,7.8,7.3,0.4782442798785826,7.8,84416.0,Voice change miss.,869.0,2.0,0.0,False,False,False,True,False,False,True,False,False,False,False,False
51.0,-1.033964824888849,0.0,12.8,9.6,0.03601649009571791,12.8,71540.0,Majority open rock television growth.,1635.0,1.0,1.0,False,True,False,True,False,False,False,False,False,True,False,False
23.0,0.14219467535035543,4.0,5.4,7.3,0.091294963818576,5.4,92900.0,Together another song type.,1542.0,1.0,0.0,False,True,False,False,True,False,False,True,False,False,False,True
39.0,0.5011780765353522,4.0,0.4,8.5,1.0863074908300216,0.4,45474.0,Would present benefit add light.,1565.0,1.0,0.0,False,True,False,True,False,False,True,False,False,False,False,True
28.0,0.7687193921993467,0.0,3.7,5.2,-0.8484390894700115,3.7,9196.0,Such western minute different car evening machine crime.,466.0,3.0,1.0,False,True,True,False,False,False,True,False,False,False,True,False
49.87318087318087,,1.0,,4.986150712830957,0.0,9.92642276422764,,,,1.0,,False,True,False,True,False,False,False,False,False,False,False,False
65.0,-1.0361112673180273,3.0,7.6,4.0,0.1465734375414341,7.6,4161.0,Girl size expert sit design fear method.,1167.0,1.0,0.0,False,True,False,False,False,False,False,True,False,False,True,False
33.0,-0.23208667569005462,1.0,9.4,0.6,-0.2403758785185725,9.4,14726.0,Their believe water month dark become behind.,110.0,3.0,1.0,False,True,False,True,False,False,True,False,False,False,False,True
50.0,-0.21331439952978523,4.0,1.9,5.2,-0.6273251945785792,1.9,35865.0,Under analysis sing nature young.,1013.0,0.0,1.0,True,False,False,False,True,False,False,False,False,False,True,False
26.0,-0.9652968573452281,1.0,11.5,7.2,-0.7378821420242953,11.5,61192.0,Player behind anyone ago easy whether top break.,231.0,0.0,1.0,True,False,False,False,False,False,True,False,False,False,False,False
77.0,0.49615758407388477,1.0,8.7,9.3,-0.9589960369157277,8.7,12790.0,Moment past turn particularly young.,1714.0,1.0,0.0,False,True,False,True,False,True,False,False,False,False,False,False
76.0,0.7616797886392457,3.0,14.7,9.9,-1.124831458084302,14.7,91604.0,Turn much one miss nor speech.,1607.0,2.0,0.0,False,True,False,True,False,False,False,False,False,True,False,False
23.0,0.296320155879389,1.0,6.8,8.9,0.9757505433843053,6.8,10586.0,Blood boy series under ever.,1745.0,2.0,1.0,True,False,True,False,False,False,False,True,True,False,False,False
33.0,-1.752058958589387,2.0,6.3,7.7,4.0160665981415,6.3,93184.0,Ground bill million news modern animal history.,1755.0,2.0,1.0,False,True,False,True,False,False,False,True,False,True,False,False
46.0,-0.2661750918958151,1.0,6.3,7.2,0.5335227536014406,6.3,56876.0,Stock increase collection international.,1615.0,1.0,0.0,False,True,True,False,False,False,False,True,False,False,False,False
20.0,0.9365420858569489,1.0,9.6,9.3,0.091294963818576,9.6,39005.0,Team floor suddenly ready.,1523.0,2.0,1.0,True,False,False,True,False,False,False,True,False,False,False,True
37.0,0.5385589171451909,1.0,9.2,9.3,-1.3459453529757341,9.2,72092.0,Partner happen after article begin look.,594.0,3.0,0.0,False,True,False,True,False,False,True,False,False,False,False,True
77.0,0.6175225322728357,4.0,15.2,0.9,-0.6826036683014371,15.2,8731.0,Season PM improve south attention enjoy.,1577.0,3.0,1.0,True,False,False,True,False,False,True,False,False,True,False,False
76.0,-1.5900389355665967,0.0,8.7,0.6,0.4782442798785826,8.7,96120.0,Participant some eat.,1296.0,3.0,1.0,False,True,True,False,False,False,False,True,False,False,False,False
53.0,1.1444923388261348,2.0,9.2,1.2,1.0863074908300216,9.2,4597.0,Contain skill direction interesting wrong east.,1726.0,3.0,1.0,False,True,True,False,False,False,False,True,False,False,False,True
36.0,-0.49106041182741456,4.0,16.3,2.1,1.0310290171071634,16.3,14476.0,Set soon heart common pattern.,172.0,0.0,0.0,True,False,False,True,False,False,False,True,False,False,False,False
43.0,0.016391320772426003,2.0,6.5,8.7,4.0160665981415,6.5,25015.0,Whom trip old family later close.,972.0,3.0,0.0,False,True,False,False,False,False,True,False,False,False,False,True
20.0,0.4629422969918577,0.0,8.4,1.8,-0.46148977341000486,8.4,36792.0,Part our indeed study argue.,1030.0,2.0,0.0,True,False,False,False,True,False,False,True,False,False,False,False
49.87318087318087,,1.0,,4.986150712830957,0.0,9.92642276422764,,,,1.0,,False,True,False,True,False,False,False,False,False,False,False,False
36.0,-1.662599603786863,1.0,14.8,9.8,0.8099151222157311,14.8,7687.0,Teach floor will shoulder answer way.,1545.0,2.0,1.0,False,False,False,False,True,True,False,False,False,False,False,False
37.0,-1.4386965541194636,0.0,18.6,8.5,-0.3509328259642887,18.6,87467.0,Above newspaper might central local maybe.,545.0,3.0,1.0,False,False,True,False,False,True,False,False,False,False,False,False
49.0,0.11847466748892975,4.0,3.4,3.1,0.5335227536014406,3.4,52861.0,No few guy popular final least science.,547.0,0.0,0.0,False,True,True,False,False,False,False,True,False,True,False,False
24.0,1.1912229371359526,0.0,14.4,9.9,-0.019261983627140173,14.4,96392.0,Network bed best city.,517.0,3.0,1.0,False,False,False,False,False,False,False,False,False,False,True,False
69.0,1.5300334175246908,3.0,17.6,9.3,4.0160665981415,17.6,17804.0,Different present soldier course our often sing side.,913.0,1.0,1.0,False,True,False,False,True,False,False,True,True,False,False,False
58.0,-0.019843537862512608,1.0,2.4,3.9,0.091294963818576,2.4,89413.0,Now husband election evidence dog month necessary than.,214.0,2.0,0.0,False,False,False,False,True,True,False,False,False,True,False,False
50.0,1.0668384173840901,4.0,13.7,3.2,-0.40621129968714675,13.7,62502.0,Member white amount south appear job.,133.0,1.0,1.0,True,False,False,True,False,False,False,False,True,False,False,False
57.0,0.23774774382893601,2.0,7.5,8.0,-0.12981893107285633,7.5,90460.0,Since space prove short popular seem.,284.0,1.0,1.0,False,True,True,False,False,False,False,False,False,False,False,True
49.87318087318087,-0.2275391281706095,3.0,13.5,3.4,-1.18010993180716,13.5,13959.0,All behavior series information.,1149.0,1.0,0.0,False,True,False,False,True,False,False,True,True,False,False,False
56.0,-0.5355354265675877,4.0,10.9,5.3,0.4782442798785826,10.9,28879.0,Lay prepare office gun I agreement.,1462.0,2.0,1.0,True,False,False,False,False,True,False,False,False,False,False,False
35.0,0.633493519161127,0.0,1.4,8.8,-1.4012238266985924,1.4,81719.0,Result ok least so significant official range.,685.0,3.0,1.0,False,True,False,False,False,True,False,False,True,False,False,False
57.0,-0.8143364698897283,0.0,15.8,2.4,-0.2956543522414306,15.8,47056.0,Throw while move modern who her.,1175.0,1.0,1.0,False,True,False,False,True,False,False,False,False,True,False,False
18.0,0.9984796830717912,0.0,19.5,0.4,0.25713038498715024,19.5,70116.0,Shoulder owner which lay.,330.0,2.0,0.0,False,False,True,False,False,False,False,True,False,True,False,False
28.0,-0.9066153041543084,0.0,8.4,10.0,-0.6273251945785792,8.4,20697.0,Question white yeah nor.,1561.0,0.0,0.0,False,True,False,False,False,False,True,False,True,False,False,False
45.0,-0.8914446856294396,2.0,16.2,9.3,-0.516768247132863,16.2,951.0,Player model language charge.,1406.0,2.0,1.0,False,True,False,True,False,False,True,False,False,True,False,False
74.0,-0.43950941314698483,3.0,16.5,9.4,-1.2353884055300182,16.5,48354.0,Arm first edge onto since dream.,1138.0,0.0,1.0,True,False,False,False,False,True,False,False,False,True,False,False
42.0,-0.5524523033399235,1.0,2.6,8.0,0.4782442798785826,2.6,29980.0,Act ago specific writer here.,893.0,2.0,1.0,False,False,False,True,False,False,True,False,True,False,False,False
67.0,-0.9018130939737744,1.0,2.3,2.1,0.1465734375414341,2.3,88617.0,Simple successful fill voice impact build.,1505.0,3.0,0.0,False,False,False,True,False,True,False,False,False,False,True,False
40.0,1.5763456414627197,2.0,9.9,4.4,0.9757505433843053,9.9,91056.0,Partner help build business race tonight.,1307.0,1.0,0.0,False,True,True,False,False,True,False,False,False,False,True,False
48.0,-0.929098379090445,2.0,10.1,0.5,-0.46148977341000486,10.1,17367.0,Indicate order forward reality player spend wait.,898.0,3.0,0.0,True,False,False,False,True,True,False,False,False,False,False,True
47.0,-0.37227847061950836,1.0,16.7,5.0,-0.2403758785185725,16.7,90625.0,Kind nearly apply brother represent when.,1098.0,2.0,1.0,True,False,True,False,False,False,True,False,False,True,False,False
59.0,0.1300618185684759,1.0,0.4,1.8,0.36768733243286644,0.4,972.0,Environment affect tend its house teacher let.,1189.0,1.0,1.0,False,False,True,False,False,True,False,False,True,False,False,False
52.0,-1.746183527194264,1.0,9.9,3.1,-0.7931606157471534,9.9,60912.0,Music detail off the best order laugh.,1212.0,0.0,1.0,False,True,True,False,False,False,False,False,False,True,False,False
24.0,1.004955390739481,1.0,5.5,7.6,0.8651935959385892,5.5,41156.0,While newspaper floor meeting employee weight benefit.,77.0,2.0,1.0,False,False,True,False,False,False,False,True,False,False,False,False
77.0,1.2526875894087728,1.0,12.6,6.5,0.091294963818576,12.6,41187.0,Fire energy institution body seem know.,946.0,1.0,1.0,True,False,False,True,False,False,False,True,False,True,False,False
33.0,-1.0219411092474362,0.0,2.2,9.8,0.4782442798785826,2.2,2224.0,Development responsibility behind once city challenge.,1625.0,0.0,0.0,False,True,False,True,False,True,False,False,False,True,False,False
43.0,-0.11776133105120465,2.0,1.7,9.3,-0.2956543522414306,1.7,99921.0,Five guess vote worker compare fall create.,687.0,0.0,1.0,False,False,False,False,False,False,False,True,False,False,True,False
65.0,0.930321040850348,4.0,17.1,2.5,4.0160665981415,17.1,79495.0,Let author shoulder process Mrs.,20.0,3.0,1.0,True,False,False,True,False,False,True,False,True,False,False,False
74.0,0.5001230455108409,1.0,5.6,6.8,4.0160665981415,5.6,94199.0,Century natural hospital suggest side risk adult group.,565.0,2.0,1.0,False,False,True,False,False,False,True,False,False,True,False,False
69.0,1.477081774208272,1.0,4.3,1.2,1.0863074908300216,4.3,87167.0,Continue major whether upon expert.,1207.0,0.0,0.0,False,True,False,False,False,False,False,True,False,False,True,False
77.0,1.6423760314450628,1.0,4.2,6.0,0.4782442798785826,4.2,44248.0,Recent go set movie likely music light.,1245.0,1.0,1.0,False,False,False,True,False,False,True,False,False,False,False,True
66.0,-0.11988958329030495,3.0,9.4,6.2,-1.0142745106385858,9.4,62174.0,Hit lot phone law choose.,826.0,0.0,0.0,False,False,False,False,True,False,False,True,False,False,True,False
19.0,-0.12834802167647286,4.0,6.3,3.6,0.6440797010471568,6.3,53292.0,Magazine material hair get pull step in field.,1351.0,0.0,0.0,True,False,False,True,False,False,False,True,False,False,True,False
18.0,1.1899860042106636,4.0,0.4,5.7,1.3074213857214538,0.4,64754.0,Effort travel condition actually perhaps art.,178.0,3.0,0.0,True,False,False,True,False,False,False,True,False,False,True,False
65.0,-0.4184087926567595,1.0,5.5,3.9,-0.46148977341000486,5.5,9052.0,Which anyone law out hope beautiful success sister.,1811.0,3.0,0.0,True,False,False,False,True,True,False,False,False,True,False,False
79.0,-0.42377489872970475,0.0,16.4,8.0,0.5888012273242987,16.4,79920.0,Strategy hit save ever blue oil pick.,1135.0,1.0,0.0,False,False,False,True,False,False,False,True,False,True,False,False
29.0,0.5369218000381907,3.0,10.4,5.3,-1.18010993180716,10.4,99384.0,Goal worry pick history out.,1759.0,3.0,1.0,False,True,False,True,False,True,False,False,False,False,False,True
22.0,1.222182640648335,4.0,13.4,2.1,4.0160665981415,13.4,73263.0,Information soldier choice according than management get.,1749.0,0.0,1.0,False,True,False,True,False,False,False,True,False,False,False,False
54.0,1.1700495558854163,1.0,12.3,9.1,1.0863074908300216,12.3,67511.0,Early quite society nearly especially sometimes senior.,1082.0,0.0,0.0,False,True,False,False,False,False,False,True,False,False,False,False
49.0,0.8248179383992215,4.0,6.4,1.3,-0.6826036683014371,6.4,8878.0,War information rock like.,1350.0,3.0,0.0,True,False,True,False,False,False,False,True,False,False,False,False
76.0,1.2672761218511526,3.0,19.6,5.3,-0.40621129968714675,19.6,32305.0,Movie often bed human.,904.0,0.0,0.0,True,False,False,True,False,False,True,False,False,False,False,True
72.0,-1.221287402309832,3.0,10.8,9.6,-1.0142745106385858,10.8,7147.0,Into artist media avoid thing.,1644.0,0.0,1.0,False,False,False,True,False,True,False,False,False,False,False,False
26.0,-0.6341626371693132,2.0,13.8,9.0,0.25713038498715024,13.8,34516.0,Truth successful evidence nature minute others.,668.0,1.0,1.0,False,True,False,False,True,True,False,False,False,False,False,False
58.0,0.606899461267412,1.0,2.4,3.4,-1.2906668792528762,2.4,96849.0,Fill less street sea network talk rise.,190.0,3.0,0.0,True,False,False,True,False,False,False,True,False,False,True,False
52.0,-0.4087861821056137,1.0,19.6,7.2,1.2521429119985958,19.6,48661.0,Rate you five local month.,1223.0,0.0,1.0,False,True,False,True,False,False,False,True,False,True,False,False
36.0,1.4529252017849796,1.0,1.8,4.6,-0.516768247132863,1.8,15718.0,Common keep letter east rich well himself.,1335.0,3.0,1.0,False,True,False,True,False,False,True,False,False,True,False,False
65.0,-1.263452262910127,3.0,10.4,2.5,-1.2353884055300182,10.4,47974.0,Site performance study for.,707.0,1.0,0.0,True,False,False,True,False,False,True,False,False,False,True,False
33.0,1.3563352924719656,2.0,1.3,1.8,-0.40621129968714675,1.3,50031.0,Attorney letter style member song Congress hope.,1058.0,3.0,0.0,True,False,False,False,False,False,True,False,False,False,True,False
20.0,0.8301658542820889,2.0,1.8,4.5,-0.2403758785185725,1.8,2261.0,Attorney drop hot agree.,378.0,0.0,1.0,False,True,True,False,False,True,False,False,False,False,True,False
37.0,-0.681566272512009,4.0,18.6,0.3,-0.9037175631928696,18.6,50378.0,Relate need share need method out grow between.,386.0,3.0,1.0,False,True,False,True,False,True,False,False,False,True,False,False
41.0,-1.769539731254134,4.0,15.9,3.4,0.5335227536014406,15.9,89495.0,Road author a seven near suddenly his public.,1781.0,0.0,1.0,False,False,False,True,False,True,False,False,False,False,False,False
71.0,-0.13384145907996253,2.0,3.3,3.1,-0.2956543522414306,3.3,74215.0,Point phone west other most.,236.0,0.0,0.0,False,True,False,False,False,False,False,True,False,False,True,False
73.0,1.0735324073327133,4.0,1.4,3.7,-1.2906668792528762,1.4,5519.0,Thought hair reveal drug ball.,615.0,0.0,0.0,False,True,False,True,False,True,False,False,False,False,False,True
50.0,0.6810608662145228,3.0,2.6,5.9,0.091294963818576,2.6,21931.0,Begin game impact listen play that kid.,1542.0,1.0,0.0,False,True,False,False,True,False,False,False,False,False,True,False
41.0,0.8342768372396673,0.0,13.7,6.8,0.9204720696614472,13.7,27398.0,Business air drug computer simply base.,282.0,3.0,1.0,True,False,True,False,False,False,False,False,True,False,False,False
69.0,-0.27117739416720477,3.0,18.9,2.3,0.36768733243286644,18.9,42804.0,Once training meeting camera computer price.,0.0,1.0,1.0,False,True,False,True,False,False,True,False,False,False,True,False
28.0,1.41694500581113,2.0,3.6,6.8,-0.7931606157471534,3.6,27727.0,By again mother weight son miss.,1754.0,3.0,0.0,False,False,False,False,False,True,False,False,False,True,False,False
66.0,0.31356445607312483,2.0,1.9,0.5,0.8099151222157311,1.9,63866.0,Site with commercial miss.,463.0,1.0,1.0,False,True,False,False,True,False,False,False,False,False,True,False
25.0,0.7248446537317402,3.0,0.3,2.7,-1.0142745106385858,0.3,71063.0,Use table nice without car budget.,1253.0,2.0,0.0,False,True,False,False,False,False,True,False,True,False,False,False
53.0,1.5015839602430423,4.0,2.2,8.8,0.8099151222157311,2.2,36289.0,Level own on but meet guess can.,966.0,0.0,1.0,False,False,False,False,False,True,False,False,False,False,False,True
55.0,0.4562483070432345,4.0,9.9,4.986150712830957,0.20185191126429217,9.9,29216.0,Fast one fill economy large necessary determine.,171.0,0.0,0.0,False,False,False,False,True,False,False,True,False,False,False,False
57.0,-0.633507790326513,1.0,16.6,3.4,-1.124831458084302,16.6,56911.0,Staff while government guess trouble cultural stock box.,1110.0,1.0,1.0,False,True,False,False,False,False,False,False,False,False,True,False
37.0,-0.4566809525804095,2.0,0.5,5.8,-1.2906668792528762,0.5,30437.0,Trial woman miss.,1576.0,2.0,1.0,False,True,False,False,True,False,False,True,True,False,False,False
79.0,-1.630530298679736,1.0,12.7,0.1,-0.46148977341000486,12.7,26929.0,Answer write beat admit never girl smile.,1146.0,0.0,0.0,False,False,False,True,False,True,False,False,True,False,False,False
52.0,-1.4145036013160157,1.0,6.2,2.3,0.8099151222157311,6.2,8047.0,Movie room develop go democratic finally interview spend.,842.0,3.0,0.0,False,True,False,False,True,False,False,False,False,False,False,True
65.0,0.2904447244842659,4.0,19.8,6.4,0.1465734375414341,19.8,64397.0,Garden success important more situation.,1321.0,1.0,0.0,True,False,False,False,True,True,False,False,False,True,False,False
79.0,-0.5607288398253136,3.0,3.3,8.1,0.20185191126429217,3.3,37482.0,Nature radio small.,689.0,0.0,0.0,True,False,True,False,False,False,False,True,False,False,True,False
42.0,1.0218904577018946,4.0,17.1,2.3,0.4229658061557245,17.1,15508.0,Garden go discussion interesting rate claim.,574.0,0.0,0.0,False,False,False,False,True,False,False,False,True,False,False,False
52.0,1.2719328105110643,3.0,10.7,1.9,-0.3509328259642887,10.7,97742.0,Win drive work in company election religious.,1507.0,1.0,1.0,False,True,False,False,True,False,False,True,False,False,False,True
42.0,0.30303233601809,1.0,3.7,7.6,0.20185191126429217,3.7,8275.0,In reduce relationship both.,164.0,1.0,0.0,False,False,False,True,False,True,False,False,False,False,False,False
46.0,-1.3434345286821276,2.0,5.0,5.6,-0.46148977341000486,5.0,89781.0,Town almost politics phone big boy always.,1722.0,3.0,0.0,False,False,True,False,False,True,False,False,True,False,False,False
35.0,0.9741230185576433,4.0,0.6,9.3,0.20185191126429217,0.6,5061.0,Decision fill instead offer without success.,382.0,3.0,0.0,False,True,False,True,False,False,False,True,False,False,False,True
49.87318087318087,-0.3863576777397104,3.0,13.0,1.8,0.0,13.0,13624.0,Build international carry yard.,208.0,0.0,0.0,False,True,False,True,False,False,False,False,False,True,False,False
63.0,-0.20825752668816228,2.0,13.6,4.4,0.25713038498715024,13.6,18367.0,Less meeting long.,1762.0,0.0,0.0,False,True,False,True,False,False,False,True,False,True,False,False
35.0,0.9783431426556883,1.0,16.1,9.3,-1.4012238266985924,16.1,45195.0,Necessary look owner another appear smile project detail.,1455.0,1.0,1.0,True,False,False,True,False,True,False,False,True,False,False,False
19.0,0.03669157289922896,3.0,0.2,4.8,4.0160665981415,0.2,24409.0,Push city suffer matter all.,1412.0,0.0,0.0,False,True,False,False,True,False,False,True,True,False,False,False
71.0,-1.3029977361392218,1.0,3.9,7.3,-0.9589960369157277,3.9,95156.0,National foreign really others check marriage.,1583.0,0.0,0.0,True,False,False,False,False,True,False,False,False,False,True,False
52.0,-0.7520350688733304,1.0,12.0,7.7,-1.4012238266985924,12.0,70296.0,Less grow part one.,223.0,1.0,0.0,False,True,True,False,False,False,False,True,False,False,False,True
33.0,0.4560482149523789,1.0,2.6,6.1,-1.4012238266985924,2.6,39823.0,Dinner home water month.,2.0,0.0,1.0,True,False,False,False,False,False,False,False,True,False,False,False
78.0,1.3901144754464039,0.0,10.7,1.1,-0.18509740479571443,10.7,69235.0,Agreement employee physical easy.,371.0,0.0,1.0,False,True,False,True,False,False,False,False,False,False,True,False
58.0,-1.6535226989380505,4.0,8.6,2.1,-0.5720467208557211,8.6,32410.0,Soldier responsibility learn least move Congress together.,1710.0,2.0,0.0,True,False,False,True,False,False,False,True,False,False,True,False
53.0,-1.220869027938043,3.0,13.5,8.2,0.25713038498715024,13.5,49169.0,Help similar couple.,1469.0,3.0,0.0,False,True,False,True,False,False,False,True,True,False,False,False
50.0,-0.10202681663392457,1.0,19.8,2.2,-0.6273251945785792,19.8,69799.0,During economy me half.,610.0,1.0,1.0,False,False,True,False,False,False,False,False,False,True,False,False
21.0,-1.3030159263292995,0.0,12.2,5.6,-0.6273251945785792,12.2,60307.0,Alone although various table.,115.0,2.0,1.0,True,False,False,True,False,True,False,False,False,False,False,True
50.0,-1.2637433059513714,1.0,6.2,7.6,1.0310290171071634,6.2,88632.0,Million region night center every tend war those.,1293.0,3.0,1.0,False,True,False,True,False,False,False,False,False,False,False,True
31.0,1.3993005214356828,2.0,15.6,7.1,0.6440797010471568,15.6,79035.0,Cause operation save network two should.,446.0,3.0,0.0,False,True,True,False,False,True,False,False,False,True,False,False
38.0,-1.581998871552218,3.0,6.0,5.2,0.0,6.0,62411.0,Effect school time down form new bad person.,1391.0,3.0,0.0,True,False,True,False,False,False,False,True,True,False,False,False
65.0,-1.3221701964812023,1.0,13.0,9.4,0.20185191126429217,13.0,19748.0,Specific maybe positive care school specific your.,1276.0,2.0,1.0,True,False,False,True,False,False,False,True,False,False,False,True
37.0,0.8255091656221771,4.0,0.3,1.8,0.8651935959385892,0.3,34943.0,Similar tax into card music.,1340.0,2.0,0.0,False,True,False,True,False,True,False,False,True,False,False,False
73.0,0.4489358506319668,0.0,7.5,7.8,-0.18509740479571443,7.5,97545.0,At hair wind everyone want improve their international.,414.0,3.0,1.0,True,False,False,True,False,False,False,True,True,False,False,False
49.87318087318087,0.8484833756904139,1.0,13.9,7.7,-1.4565023004214503,13.9,64683.0,Show wall onto high.,1118.0,0.0,1.0,False,False,False,True,False,True,False,False,False,False,True,False
25.0,-0.17333236173882385,4.0,4.5,6.2,-0.9037175631928696,4.5,86125.0,Note event again major half provide.,1808.0,0.0,1.0,True,False,False,False,True,False,True,False,False,True,False,False
24.0,0.707545782967771,1.0,14.2,6.8,-0.3509328259642887,14.2,85988.0,Region western bank stock matter finish live.,891.0,2.0,0.0,False,False,False,False,True,False,False,False,True,False,False,False
20.0,-0.017224150491312228,3.0,18.5,5.0,-1.2906668792528762,18.5,74003.0,Cup support value reveal.,1047.0,2.0,1.0,False,False,False,False,True,False,True,False,False,False,False,False
34.0,-1.0344559600209493,3.0,6.8,2.7,-1.124831458084302,6.8,65522.0,Consider test fine interview Congress happen author.,1651.0,2.0,1.0,False,True,False,True,False,True,False,False,False,True,False,False
49.87318087318087,-0.4144251410297256,3.0,19.6,5.3,-0.07454045734999826,19.6,50771.0,On early relate about.,662.0,3.0,0.0,True,False,False,True,False,False,False,False,False,False,False,True
50.0,0.9065828427988445,1.0,17.1,5.7,1.0863074908300216,17.1,70542.0,Thing phone make catch least pattern gun.,1073.0,0.0,1.0,False,True,False,True,False,True,False,False,False,False,True,False
65.0,-1.3697921141048315,1.0,13.0,5.8,1.2521429119985958,13.0,19216.0,Economy product recognize leg war state audience.,1525.0,2.0,0.0,True,False,False,True,False,False,False,False,False,False,False,True
29.0,1.5158268790739444,0.0,2.6,2.0,-0.8484390894700115,2.6,52165.0,Win wide space for former body later.,717.0,2.0,1.0,True,False,False,False,True,False,False,False,False,False,False,True
76.0,-0.3623102464568847,3.0,14.4,2.1,0.20185191126429217,14.4,3933.0,Without anyone center hope.,1521.0,1.0,0.0,False,True,False,False,False,False,False,False,False,True,False,False
68.0,-0.8441683816172882,4.0,12.1,1.3,-0.5720467208557211,12.1,5748.0,Say to view would sound majority.,1358.0,3.0,1.0,True,False,False,True,False,False,False,False,False,False,False,True
39.0,0.644844197769662,1.0,5.7,3.2,0.31240885871000834,5.7,59900.0,Focus space present board his receive.,1102.0,1.0,1.0,False,True,False,False,True,True,False,False,True,False,False,False
72.0,-1.3946944843213127,2.0,18.6,1.9,-0.9037175631928696,18.6,12198.0,Fall argue public do still.,1605.0,0.0,1.0,False,False,False,False,False,False,False,False,False,False,False,True
39.0,-0.832835893198831,4.0,1.7,9.0,0.03601649009571791,1.7,45270.0,Again hospital life claim.,1050.0,1.0,1.0,True,False,False,False,False,False,False,False,False,False,True,False
63.0,1.3964628517835491,1.0,4.2,9.5,0.25713038498715024,4.2,49644.0,Central year dark entire goal rate.,270.0,1.0,1.0,False,True,True,False,False,False,True,False,False,False,True,False
47.0,-0.015132278632367477,1.0,4.4,6.4,-1.4565023004214503,4.4,50915.0,Himself center model around statement gas.,561.0,1.0,0.0,False,True,False,True,False,False,False,True,False,False,False,False
55.0,-1.1816145977501928,4.0,19.8,0.6,1.0863074908300216,19.8,95838.0,Smile your pass anyone father.,803.0,3.0,0.0,True,False,False,False,False,False,False,True,False,False,True,False
55.0,-0.8266876089525412,1.0,19.9,7.1,0.03601649009571791,19.9,65106.0,Ask avoid daughter expect.,246.0,0.0,1.0,False,True,False,False,True,False,True,False,False,False,False,True
62.0,1.3018920535691687,3.0,18.1,3.4,0.0,18.1,74674.0,Though safe really history.,1799.0,1.0,1.0,False,True,True,False,False,False,True,False,False,False,True,False
68.0,1.108857756463763,0.0,11.3,2.5,0.8099151222157311,11.3,20706.0,Physical low seek customer year.,1614.0,3.0,1.0,False,True,False,True,False,True,False,False,False,True,False,False
71.0,1.558682966897195,1.0,11.0,2.0,-1.124831458084302,11.0,99623.0,Around against American others would similar option impact.,386.0,0.0,0.0,False,True,False,True,False,True,False,False,False,False,True,False
25.0,-0.9061241690222084,0.0,17.1,3.0,-1.4012238266985924,17.1,93061.0,Could over full commercial believe task sport activity.,701.0,2.0,0.0,True,False,False,False,True,True,False,False,True,False,False,False
44.0,0.02312169110120476,1.0,16.0,4.5,0.8099151222157311,16.0,1552.0,What suggest item four international.,558.0,1.0,1.0,False,False,False,False,False,False,True,False,False,True,False,False
44.0,1.1742332996033058,1.0,11.2,0.6,-0.18509740479571443,11.2,92317.0,Similar international other feel who.,972.0,0.0,0.0,False,True,False,False,False,False,True,False,False,False,False,False
51.0,0.5397230893101689,0.0,14.8,5.4,-1.2906668792528762,14.8,69566.0,Himself such phone act suddenly soon.,1384.0,1.0,1.0,True,False,False,False,True,False,False,False,True,False,False,False
38.0,-1.6933046446381563,4.0,11.2,0.1,0.9204720696614472,11.2,59669.0,Send rate another dream act.,983.0,2.0,1.0,True,False,False,False,False,True,False,False,False,False,False,True
47.0,0.723625910996529,1.0,7.4,5.6,-0.46148977341000486,7.4,31836.0,Necessary job you.,1511.0,0.0,1.0,False,False,True,False,False,True,False,False,False,False,False,True
50.0,-1.561771380185726,0.0,13.3,0.0,-0.07454045734999826,13.3,61957.0,You scene including election.,351.0,3.0,0.0,False,True,False,True,False,True,False,False,False,False,False,True
45.0,0.9520583179932955,1.0,19.6,7.3,-0.9037175631928696,19.6,19449.0,Check meeting third able sit this consumer.,1724.0,0.0,1.0,False,True,True,False,False,False,False,True,True,False,False,False
64.0,0.6245985162130924,2.0,11.2,1.4,0.6993581747700149,11.2,54600.0,Heavy too country.,1279.0,3.0,1.0,True,False,False,False,False,False,False,False,True,False,False,False
49.87318087318087,1.466986218715104,4.0,19.9,2.5,1.2521429119985958,19.9,1372.0,Worker trial clearly article their.,1245.0,0.0,1.0,True,False,False,True,False,True,False,False,True,False,False,False
50.0,-1.3148577400699346,3.0,1.7,8.7,0.8651935959385892,1.7,33364.0,Wonder thank under to today hard.,752.0,3.0,0.0,False,False,False,True,False,True,False,False,False,True,False,False
22.0,-0.24991306196627944,1.0,17.5,4.8,-0.9037175631928696,17.5,10057.0,American sense far move word.,780.0,2.0,0.0,False,False,False,True,False,True,False,False,False,True,False,False
77.0,-0.2911138424924521,2.0,9.9,7.3,0.9757505433843053,9.9,95430.0,Some instead baby you institution charge agreement travel.,1024.0,2.0,0.0,False,True,False,False,True,False,False,True,False,False,False,True
78.0,-1.3156944888135125,3.0,1.1,6.9,-1.3459453529757341,1.1,58777.0,And inside area only manage about when.,545.0,2.0,1.0,False,True,False,False,True,False,False,True,False,False,True,False
65.0,1.2826832128470327,3.0,2.6,0.3,-0.8484390894700115,2.6,41374.0,Image glass name color conference president threat figure.,1469.0,0.0,0.0,False,True,False,True,False,False,True,False,False,False,False,True
36.0,1.0073019252595148,1.0,10.4,3.9,-1.3459453529757341,10.4,62107.0,Out would machine himself loss evidence national.,78.0,2.0,1.0,True,False,False,True,False,False,False,False,False,False,False,False
21.0,-1.4565957011559996,0.0,5.2,3.1,0.8099151222157311,5.2,36160.0,Nice prepare huge difficult because should.,1259.0,1.0,0.0,False,True,False,True,False,False,True,False,False,True,False,False
52.0,-0.23983569666318907,1.0,6.8,8.4,-0.019261983627140173,6.8,57894.0,Difficult although series factor message.,333.0,2.0,1.0,False,True,False,False,True,False,False,False,True,False,False,False
49.87318087318087,-1.4034075853685697,2.0,11.2,3.1,1.1968644382757376,11.2,60562.0,Support research movie turn mouth.,888.0,3.0,0.0,False,False,False,False,True,False,False,True,False,True,False,False
66.0,1.304202207709047,3.0,17.9,7.9,-1.4012238266985924,17.9,23771.0,Husband door have medical although.,1372.0,3.0,1.0,False,True,False,True,False,True,False,False,True,False,False,False
49.87318087318087,0.3084530126612685,1.0,13.0,9.6,1.1968644382757376,13.0,77488.0,She teach tough.,1121.0,3.0,0.0,False,True,True,False,False,False,True,False,False,False,False,False
34.0,0.6936484777483468,0.0,14.7,1.2,-0.6273251945785792,14.7,83649.0,Event alone free really design impact right movement.,1105.0,0.0,0.0,False,True,False,False,False,True,False,False,False,False,False,False
61.0,1.251505227053717,1.0,15.8,9.5,-1.4012238266985924,15.8,28602.0,Life draw challenge pressure girl tonight alone citizen.,501.0,1.0,0.0,False,False,False,False,True,False,True,False,False,True,False,False
45.0,0.7470366856266324,4.0,15.1,5.6,0.1465734375414341,15.1,35632.0,Later according easy idea present sound control.,1500.0,2.0,1.0,False,True,False,False,True,False,False,True,True,False,False,False
47.0,-0.286402583262307,0.0,6.3,1.2,-0.40621129968714675,6.3,67912.0,Power scientist stage speech.,1727.0,1.0,0.0,False,True,True,False,False,False,False,True,False,False,False,False
46.0,-0.23941732229140014,2.0,15.4,3.3,0.5888012273242987,15.4,66243.0,Leave year pass figure place meet.,764.0,1.0,0.0,False,True,True,False,False,False,False,True,False,False,False,True
63.0,1.1471481065774907,3.0,12.7,8.6,0.03601649009571791,12.7,20436.0,Part he should mother group.,920.0,3.0,0.0,True,False,False,True,False,False,True,False,False,False,False,True
70.0,1.3000002738010796,1.0,5.4,2.7,-0.12981893107285633,5.4,19377.0,Front administration wish outside every.,549.0,3.0,0.0,False,True,False,True,False,False,False,False,True,False,False,False
23.0,-0.288057890559385,0.0,8.1,0.3,0.25713038498715024,8.1,25876.0,Speech expert study item natural.,13.0,3.0,1.0,False,False,False,False,False,False,True,False,False,True,False,False
52.0,1.2948524500090677,4.0,15.2,2.1,-0.9589960369157277,15.2,46152.0,Open war create manage without degree rich.,391.0,0.0,0.0,False,True,False,False,False,False,False,False,False,False,False,False
77.0,0.6914474647489354,0.0,7.8,0.0,0.8099151222157311,7.8,36467.0,Ready prepare vote although into.,1370.0,1.0,1.0,False,True,False,True,False,False,True,False,False,True,False,False
58.0,-0.9796489173165969,1.0,3.3,9.9,0.6993581747700149,3.3,26524.0,Less do front by if any class push.,309.0,1.0,1.0,False,False,False,True,False,False,True,False,False,False,False,True
54.0,1.5640308827800624,4.0,12.5,0.7,0.31240885871000834,12.5,37135.0,Wide spend always chair guess eye deal shake.,385.0,0.0,1.0,False,True,False,False,True,False,False,True,False,False,False,False
41.0,-0.8479701313435443,2.0,16.2,7.7,-0.7931606157471534,16.2,24396.0,Serve want society right science.,1232.0,0.0,1.0,False,False,False,True,False,True,False,False,False,True,False,False
46.0,0.8660005287353164,3.0,3.2,4.3,0.754636648492873,3.2,92204.0,May fact election follow certain little let.,1380.0,0.0,0.0,False,True,False,False,True,True,False,False,False,False,True,False
66.0,0.43107308397558636,2.0,9.6,2.5,0.8099151222157311,9.6,27006.0,General section customer.,973.0,1.0,1.0,False,False,True,False,False,False,False,False,True,False,False,False
63.0,-1.7860746140348365,1.0,2.6,6.9,1.0863074908300216,2.6,28769.0,Such measure field material bank everything.,1624.0,1.0,1.0,False,True,False,True,False,True,False,False,True,False,False,False
70.0,-0.5448851842675668,0.0,0.4,3.3,0.5335227536014406,0.4,59619.0,Themselves art line cup water continue finish service.,1591.0,3.0,1.0,False,True,True,False,False,False,True,False,False,False,True,False
48.0,-0.9254785312649667,1.0,13.5,9.6,-0.6273251945785792,13.5,22155.0,Program use majority such I.,1117.0,3.0,1.0,True,False,False,False,False,False,True,False,False,False,False,True
52.0,-1.5858006212784739,4.0,0.9,7.5,0.9757505433843053,0.9,34795.0,Production not popular need look see Mrs.,1116.0,1.0,0.0,True,False,False,False,False,False,False,True,False,False,False,False
77.0,-1.2764764390058179,4.0,11.5,10.0,-0.2956543522414306,11.5,63998.0,Price measure particularly enough.,339.0,3.0,0.0,False,True,False,True,False,False,False,True,True,False,False,False
50.0,-0.3571078520946395,0.0,2.6,7.8,-0.40621129968714675,2.6,98404.0,Cover sister media light good cover.,596.0,0.0,1.0,False,True,False,True,False,True,False,False,False,False,True,False
69.0,1.5167727689579888,1.0,17.4,1.6,1.2521429119985958,17.4,81533.0,Like rather bring region indicate watch.,1468.0,2.0,1.0,False,True,True,False,False,False,False,False,False,False,True,False
